Hour,Thruster_Efficiency,Solar_Array_Temp
1,98.3144373320883,45.58619403873237
2,98.70838226811863,44.931311597277336
3,99.08134591299844,44.99893272415294
4,98.06446504201361,44.98133861763909
5,97.97923611472622,45.42688848395192
6,98.77868362385786,45.096625906065825
7,98.69749203510389,44.80237518384258
8,100.0290398142506,44.61989573874411
9,98.83734087215808,45.25286780558306
10,98.76707344389307,45.3091333746606
11,98.03510208988149,44.98246493944106
12,99.15604321938152,44.09705504214692
13,98.79433839533404,45.229876027721645
14,98.93442248214097,44.67523320263678
15,98.67201319781068,45.18734072132319
16,99.07656115597975,44.85026445301902
17,99.05395185488493,44.717776853172445
18,97.92288267564652,44.78616384485124
19,98.93733757807819,45.06287593894217
20,99.07732010269756,44.830214759865
21,98.32528973658394,45.038068269372886
22,98.71352294395209,45.22609371038066
23,98.02695731936139,45.27102136940969
24,99.00434313687255,45.20740385507093
25,99.2268196770032,45.513809891581
26,98.82312283518775,44.571142680223886
27,98.84368328555894,44.99635877018503
28,99.04360376730759,45.37922998745931
29,99.95466099919963,44.830436394061444
30,99.05398945596687,44.92574048309027
31,98.73643387552225,45.160856676141904
32,99.73118774242437,45.35124277741054
33,98.11753353602731,45.01215743372962
34,99.36778070852674,45.20769276353008
35,98.72595015843288,45.476158744852235
36,99.4488011101993,44.31458624002099
37,97.53770027206961,44.455744753222724
38,98.91500940618259,44.63587285831631
39,99.66317313473982,45.03588528096752
40,99.09910052266619,44.795774924066116
41,99.17751241070658,45.403055219163996
42,98.72079454709551,44.70187111518297
43,99.1011733492447,45.10242473531555
44,98.91582102510496,44.66302189495022
45,99.84605861983384,44.89493156443457
46,98.66673218597677,45.06517030158215
47,98.85142702182084,44.212326859554125
48,98.71337149421393,45.777371823566284
49,99.56719787558563,45.23911599190435
50,98.835097819826,45.21702535714312
51,99.56784370299681,44.465953451762765
52,98.76016111461675,44.01267063727854
53,98.93313891026011,44.815800488048374
54,99.46686289725871,44.98714478304488
55,99.59919813070418,43.15493192035063
56,99.9702131081301,44.33984244771768
57,99.1336293820291,44.77190780706371
58,98.78275712751156,44.159809191452645
59,99.12404220047652,45.76801519198923
60,99.320904129944,44.82120889748146
61,99.3786433230089,44.52108215788899
62,99.17835986260647,44.112763784797096
63,99.26626226247797,45.37905300082637
64,99.253672721641,44.939980163243156
65,98.82532093416246,46.60139001862931
66,99.11429938025171,45.61493782705714
67,98.56469813979295,45.28702448423952
68,98.3699742787304,45.75786746694859
69,98.96972584464102,44.82829906558809
70,99.44271651834362,45.0257858494851
71,99.72145416858034,45.37402290461172
72,99.1646219924659,45.247521211695464
73,98.8175339061322,45.716583088514085
74,98.89227948227374,45.686257608153916
75,98.34252279727062,45.42307222908889
76,99.14552633994384,45.62983561931308
77,98.39075105269346,44.518234516238856
78,98.67337251806987,46.08241062484916
79,97.66615843084604,45.003179515412
80,99.37838828159843,44.615885501228334
81,98.74637024978722,45.444024684396894
82,98.84056929926875,44.09862850729198
83,98.67622498220815,43.85475678180841
84,99.02007527029217,44.79269292054779
85,99.44309362451648,45.589981589113
86,99.31196046013147,45.4199758806861
87,99.1330027051925,44.76082474720835
88,99.15043265108197,44.97481258876049
89,98.48124314380243,45.86890035235719
90,98.55365246273229,45.95116063412698
91,98.3649006449569,45.60464781017579
92,98.51658933971387,45.33592146150788
93,98.74649000210036,45.3128858896037
94,98.4850590419466,45.04312475211365
95,99.11216575265938,45.01291114440251
96,98.37389494717425,45.415534797874734
97,99.6850337634561,45.229027860168976
98,98.88792893948693,45.476564142190824
99,99.79326776504676,44.75864226439775
100,97.63425316512345,44.80386729933726
101,99.3454893745442,44.968547892111985
102,99.39682626867867,45.16153255201026
103,99.27161765627976,45.49913362346305
104,99.52714096691133,45.060021093009865
105,98.91245227146123,44.961642792522056
106,98.20156661007145,45.262934169280925
107,98.6523061455179,44.54169623234237
108,99.0884606591305,43.7073580926487
109,98.35780409658443,44.80127198273289
110,98.1855321234796,45.951654661609
111,98.5883265578325,44.18626591974994
112,98.44803497567943,44.48597839741639
113,98.98094775461458,44.75895361057409
114,99.22613568358527,44.84596756145318
115,99.59252391251542,45.460940799078365
116,99.35482842982769,45.69559949343817
117,98.90392750782708,44.57460260199265
118,98.85309975320482,45.236176227142636
119,99.24951710716928,44.89349206365677
120,99.35570653414791,44.68473265385627
121,99.09140500356952,44.77938259044622
122,98.62765945163525,44.91224484265173
123,98.31312214293511,44.59964298831443
124,98.48796899339263,44.49298715844741
125,99.04670273949084,44.8021755805559
126,98.84804025400504,45.69022083446455
127,99.89629134523203,44.563703902831946
128,99.56537620634093,45.1933404462709
129,98.68867793418556,45.69004154524006
130,98.81956095021307,45.042389890136576
131,98.82825610473546,45.542824485868216
132,99.68326099079306,45.06984450299314
133,98.20096959408627,45.17652889477944
134,99.24053301540836,45.69886956469248
135,97.99931596520148,46.060369899952875
136,99.17632037673009,45.38458071657746
137,99.33199128392644,44.601250540238276
138,99.07966047846294,45.238881003181724
139,99.29680027457678,44.79164732561468
140,98.24746473389905,45.37755229453181
141,98.73356971644697,45.617179055038484
142,98.3562942164273,44.97367601708931
143,98.42946115673206,44.99430901291026
144,99.27266407032558,45.694026559093054
145,98.94276854491648,45.22261460468051
146,99.20126055256388,44.206220423643565
147,99.1221242808083,45.94685244226517
148,99.0249027122368,44.48491188839934
149,98.64630030415178,44.93549181220614
150,99.73327626379515,45.097664724747354
151,98.97563815845547,44.591088851449335
152,98.7486010459058,44.691577668029474
153,97.96329712812785,45.83549555944537
154,99.53682674166208,45.99596084534141
155,98.48614527343707,45.75957046681819
156,99.37560070835463,44.61279144480606
157,99.06597381316818,44.42860648419009
158,99.40497758360192,46.333964827909504
159,99.09358840865139,45.289009897358966
160,98.92877618413468,44.49567062294671
161,98.6471548286246,44.586709067466316
162,97.9394083785192,44.51251227633908
163,98.93595402263693,44.4902921483183
164,99.56003560575382,44.81827759608821
165,99.6426563067342,44.76952290559897
166,98.82751099512157,44.92377399128041
167,98.81981675599312,45.02362218541192
168,97.7032907624989,45.20253820436733
169,99.16442958436889,45.6093123242877
170,99.21369213654786,44.983180192828144
171,98.28819857812574,44.82945010921782
172,98.51714985529904,44.813011612208925
173,99.03104851801393,44.605035978429534
174,98.89713112057741,44.801484025447614
175,99.11183191548551,45.03028637945078
176,98.87532685407616,44.2896588140045
177,98.83306829311688,45.24278429645354
178,99.17084754038551,45.85359252731942
179,98.81571164588863,45.06444193095821
180,98.33364489727754,44.43410869549783
181,98.87795572422579,45.35270353183
182,98.4374352454096,45.258290860628925
183,98.85285919255493,45.23058150611398
184,98.66382391022952,44.86506883478032
185,99.94010719453263,46.21917363627299
186,99.23486884522836,44.86556721088148
187,99.53167305043395,44.899755031896724
188,98.68864755902565,44.10543850235531
189,98.15315748055195,43.68695560561084
190,99.48313531575593,45.102283787386064
191,99.40437971797078,44.907990319390635
192,98.85704225950445,44.608418485352956
193,99.56179667023461,44.92519222147996
194,99.44638890845171,44.94319601449417
195,99.46170753416148,44.34540980320456
196,99.26163183041942,45.03217091029173
197,97.92625173731594,44.9372439483539
198,99.68547340428073,44.83663894359436
199,99.56725357326594,45.61472811195703
200,99.60276147130052,44.65621162816471
201,98.89938523825691,45.57952017397106
202,98.8371865681548,44.92862683931485
203,98.5376421135107,45.74438387370536
204,98.95142660264028,44.75723267008451
205,99.49133646211664,44.40533951202095
206,99.38849379337164,44.85678939859898
207,99.09701991347053,44.93267807085423
208,98.35101326489959,45.13442212054359
209,97.99388186700187,44.41613889383152
210,98.99020624343981,44.67501873494994
211,98.967726043881,45.04484276990381
212,99.19999388310991,44.773166284851015
213,98.80834710019211,45.111744389806816
214,99.19745124631247,44.63033867438393
215,99.19971358425713,45.2650066351412
216,99.00195842778979,44.26043970141366
217,98.99981497533524,44.98631149246234
218,100.08115204126824,45.32099928497605
219,99.25711396474276,44.434787479625356
220,98.61520558016723,45.174945414121254
221,98.70166927853339,44.663243919659095
222,99.44241567204332,45.24920327735778
223,100.2400057095104,44.90104263544078
224,100.16423486639171,45.280345556930875
225,98.88596789243293,45.35550754578122
226,98.64818315780781,45.11345235072544
227,99.46927410780557,45.80321700044711
228,98.9047427231704,44.541663389694655
229,99.16957150276467,45.42697839454401
230,100.2350618045459,44.61960759638128
231,98.86439514863044,44.29317080268122
232,99.10212927474178,45.717700644749854
233,98.8597995469279,44.59825791706332
234,99.76178403666782,46.15142744089586
235,98.32833339896303,45.01246970281598
236,98.91133909759576,44.75506104847533
237,99.48880493353715,45.24764977303121
238,98.54713727813508,44.857262083867745
239,98.55829284441289,44.21197246926041
240,99.31053739380698,44.13980946409277
241,98.33011319585711,44.55817638584201
242,98.82627423547608,44.89921088862541
243,98.40624927507258,44.49559489248119
244,98.78742592571272,43.709311999337245
245,98.86674977857322,45.561491914832175
246,99.26089101233599,44.77698844845126
247,98.75381193700963,44.17557984413075
248,99.10958873566946,43.91296553588408
249,99.37519762785618,45.071039909900946
250,99.17723010653876,44.105409755851326
251,98.22356965608213,45.360974450188515
252,99.11282441284705,45.08851493612948
253,98.37412940757285,45.424193779496775
254,99.0143603255422,45.69338630305315
255,98.84580088252686,45.021947910618124
256,100.52450874795359,45.977199240808105
257,98.7066768384498,45.68301737820721
258,98.20267521036757,44.83066256957031
259,99.49049201522904,45.25862369095316
260,98.81758261855896,45.05984648664124
261,99.24848222007125,45.095076100233854
262,98.69493269963327,44.44688554231981
263,98.79984273322897,44.706558110358
264,98.70420357043038,44.60849360244558
265,99.13159078736936,44.06985349512936
266,99.4584327927215,44.061309533281985
267,99.706251466063,44.77874356613256
268,100.02963666865884,44.49815410296128
269,99.04895638065406,45.053067602507944
270,98.08695949421413,44.96772670365698
271,98.78956551454563,44.41048494730624
272,98.51126381497151,45.59181952077356
273,99.28878581011047,44.547433735492355
274,99.47511048453694,44.61526030308866
275,99.1021621402449,46.16967193563166
276,99.94179599377273,45.00111890259715
277,99.26315350609224,44.43971406410171
278,99.73588894772912,44.63024729968106
279,99.74086183375151,44.50459328188127
280,99.85687008926392,45.71119032448485
281,99.8038257707701,44.41543845810586
282,99.27178508226844,44.504690130651376
283,98.66938048690983,44.869651582460016
284,99.04509728284158,44.80424840879425
285,99.04597271067965,45.24066675244547
286,99.38409195220197,45.30209384035953
287,98.7186474844499,45.242424528063154
288,98.41152379957215,45.63636059502059
289,99.01442127214804,45.278668638840315
290,98.30689994372365,44.85575195187302
291,98.31995252032037,44.775398408942365
292,98.87230621004346,44.58976202352062
293,98.23103656638506,44.833381238633145
294,98.75850001986531,45.28793597597875
295,98.46829680900822,44.85168142818393
296,98.74893043527874,45.13256501254223
297,98.36527481958612,45.78138330144831
298,99.3146193464863,45.2773952840196
299,98.73370459917977,44.4555410735932
300,98.59476058934784,44.95563674061309
301,99.18382809497584,43.66116330587539
302,99.19852987268764,45.22333823511682
303,99.30410289317074,45.37950297477639
304,99.31000159367333,45.205650182985345
305,98.75465367826138,45.89390603539555
306,98.64341937606957,44.30690936150182
307,99.12280666509838,44.7870425041445
308,98.61218166859337,45.267500243908
309,98.92502924718008,44.620378866727975
310,99.90921913563078,45.232809723044845
311,98.23778883240044,44.626702827852114
312,99.20410819119292,45.308152860116266
313,98.572289392402,44.58942392794547
314,99.02462906472054,45.26579670027774
315,98.25106999513844,45.98850452344543
316,98.39975554833238,44.73385081264071
317,99.35106658475416,44.62732359267342
318,98.98846446794984,45.70403344597082
319,99.87611127432409,45.61143125843758
320,98.46034046282719,44.95982916524865
321,99.18795596534349,45.60932256925259
322,99.11298597227304,45.040620897942254
323,99.76472958732248,44.39834630921731
324,98.73464878001923,44.964942380114955
325,99.72752257831279,44.11753905571718
326,99.08462168920758,44.35346743354224
327,99.0527843710651,45.330243634969044
328,98.9908423324799,44.28284983689573
329,99.19767450818595,44.979530793355174
330,98.73133666564914,44.696930576974125
331,98.68570980797776,45.16347814088956
332,99.41113525572453,44.73288302514728
333,97.57437495798719,44.89213174288031
334,98.64928488653935,44.708229109713
335,98.62992796675262,45.12411967841792
336,98.54020518714877,44.460959168738945
337,99.0707240630413,45.47858958201147
338,99.0441280821945,44.946133603158664
339,98.3473278446947,44.930834996465286
340,98.38381610396188,45.85834943223222
341,98.70279603183073,45.72505617118262
342,98.74140106954174,45.15177823042486
343,98.5743698910338,44.60104890989177
344,98.11409586482473,44.888726362450036
345,99.23933974548567,45.825386727299296
346,99.27071533028035,45.246150661724975
347,99.14699887006617,44.93556088660169
348,99.3343199377608,45.542019610767
349,99.09709230838858,45.81227840389951
350,99.34381391185799,44.72766281303573
351,99.51440026851309,45.527982040730336
352,98.63268996254307,45.038391680457664
353,99.79022215425655,45.291227378559086
354,99.83956531399542,44.88628171547898
355,98.84714711160566,45.34333626871609
356,99.09653941722269,44.93300389196822
357,97.92096349677934,45.2732465617452
358,99.16467663559328,45.33935743831064
359,98.8625837797744,46.18287237370958
360,99.5370183018103,45.33319149088906
361,98.88880127376093,46.28439667021467
362,99.7783249278902,45.44983364634197
363,98.37234771354898,44.77697880538226
364,99.33001223532177,45.07517482557913
365,100.17179178929484,45.52376111004267
366,98.77407611572607,45.06948246197052
367,98.14807529282437,44.847335696162915
368,98.31005033355432,44.67224711380847
369,98.41079933375602,45.0245931327971
370,99.08575027055223,45.104603732410304
371,98.26628748548913,44.00224442787681
372,98.90394682389464,45.60590330248925
373,98.99673672080554,43.879115900678855
374,99.43248504915431,44.53409053655522
375,98.92795263498638,43.63054714113977
376,99.49600756229802,45.78266261216217
377,99.41421306201042,44.38141662192422
378,99.82501102334385,44.941896633074116
379,98.50489175169834,45.88787952525096
380,98.99756028299484,45.2064816151481
381,99.16364176153644,45.12344821386543
382,99.13505744322619,45.03516962809073
383,99.66117602712785,44.07080760945806
384,99.43415962068202,45.08853186601477
385,99.07855113663197,44.70757398836193
386,99.12474486632813,45.08882126305207
387,98.87034047734599,44.814104018591244
388,98.87870478382571,44.14666584381612
389,98.28481457501671,44.62745467750119
390,99.25182669228799,45.34599425123629
391,99.79034087624306,44.9132400771147
392,98.85877535585614,45.037518369660646
393,99.06167226470154,45.65770341828018
394,99.26105814297583,45.32281910936246
395,99.53555133512857,44.419133633580564
396,98.93523019292823,45.15216465234763
397,99.33893561487662,46.09379772419732
398,98.03753227794617,45.13532430731101
399,99.15403761670068,45.851606962036634
400,98.4139527374039,45.29192007394283
401,98.44920544230212,44.959137963052015
402,98.8872898285947,44.52514010027988
403,99.37443357637304,44.561771958455395
404,98.71702789128584,44.48566775810799
405,98.86682278421651,45.424794963826834
406,98.33090237380051,45.13306020734824
407,99.044865633142,45.09517668991331
408,98.43868095980251,45.70979298952305
409,98.96351099241463,44.002158497407855
410,98.83070084130804,44.15977049071266
411,99.25119389664611,45.308806498280234
412,98.76760200049358,45.52402867663031
413,99.38826048261497,44.720116798406224
414,99.16189270710629,45.01129591090355
415,98.54756690697447,44.05454280101572
416,99.23868200791279,44.349467325696466
417,100.0597648845975,44.12464643359524
418,98.61228392819689,45.72926328416058
419,98.9207948413627,44.718962505297526
420,99.07744333664466,44.823882750668034
421,98.56217079336426,45.45832868659606
422,99.77615734982069,45.78066752474344
423,99.26677312718218,44.31225292126074
424,98.88066299162584,45.047674696682
425,99.81601637319234,45.23287947997207
426,98.82623772319646,45.12497495617558
427,99.46025446200942,45.664491818401586
428,97.99412718110608,45.0473797354325
429,98.15395411374968,44.627468496331566
430,98.69943215713991,45.74709125027056
431,99.39697423735592,44.65851354155898
432,98.38348983230998,44.97499379970112
433,98.54688837646933,44.89130981692736
434,99.00378261834923,44.93580832404651
435,99.30991328249894,44.319143268023154
436,98.2742539781531,44.25671735172489
437,100.1058848785768,44.774760468377174
438,98.58234646026565,44.89841997888472
439,99.06969919623796,44.719014759833286
440,99.17245066091164,45.174166970295744
441,99.1293917920006,45.84350475791932
442,98.77157335319072,44.7496481248512
443,98.15630459220864,45.137461647717245
444,99.60270048797588,45.31821889987196
445,98.95379646388135,45.590880153456936
446,100.72068293410379,44.645850030556566
447,99.07816617204998,45.707403100137256
448,99.51870767265113,45.16502529613555
449,98.36337881998078,44.902438970241484
450,98.53638785845291,45.32306837884651
451,99.51065047338993,45.22897540078001
452,99.0544956751762,45.268399293665176
453,98.93460446951279,43.62420328552043
454,99.2190431735201,44.845906475266
455,98.817191130935,45.39033244436414
456,99.47351273229599,45.12917765568623
457,99.46080768287567,44.602390709462895
458,98.20617368364495,44.485987354422534
459,99.49521974485769,44.773664335877896
460,99.20096275984147,45.815031607583514
461,98.37408002156975,44.01585366706362
462,98.56253084204798,45.35349865128906
463,99.74911845297841,45.02429238715106
464,99.91416499722364,45.032068054990845
465,98.92465665031148,45.072060240430915
466,98.53809270135731,45.378578142170596
467,98.37860587186178,44.747990283037
468,99.84908191566554,44.85763952020179
469,99.70063316911633,44.02679731929686
470,99.1216956248421,44.457902270713745
471,100.05676637401405,45.0283599861022
472,98.77804245481757,45.10213511233498
473,99.35710746071886,44.534964064290655
474,98.64693567509997,45.495004992594936
475,99.09596157478363,44.884250140929886
476,99.16621853369814,45.99706673547307
477,98.86949194585853,44.10056179457339
478,99.35447333955359,45.11023241920564
479,99.10094358383283,44.9187197016912
480,98.98997931199669,44.87397410532889
481,98.98769706806381,44.11877443541194
482,98.75040196443435,45.39011464332519
483,99.44342421940173,44.560233310404534
484,99.58083870729351,43.9606961858097
485,98.56365501763551,45.202675843463815
486,98.96783305717376,45.235925230065966
487,99.13864374551129,45.18140255158263
488,99.30501864351368,45.13974098056172
489,98.62295722424277,45.29583706576901
490,98.87286665068409,44.84922005068057
491,98.90430504872265,44.88006122736042
492,98.88957871940603,45.258940851270914
493,98.8981144577594,45.6690758550157
494,98.9809820383913,45.11114789587005
495,99.33517458751287,43.94307819796072
496,99.82227587314857,44.39458825546755
497,99.40481370205856,44.78215364008342
498,98.44317224370441,44.72637421634299
499,98.97962785603818,44.8425500396596
500,99.01642531178607,45.613276131873235
501,98.34669705200525,45.98792474915222
502,98.4385059777691,45.297126413862074
503,99.69201133581808,44.01866427115948
504,98.96958817048838,44.85601077131183
505,98.61891935367593,45.33096370014672
506,99.40675676303928,44.317171446839936
507,99.03341561070964,44.30311496157133
508,98.7932260451659,44.875645989226456
509,97.95384704416702,45.17612856732721
510,99.4990527432734,45.10279261453085
511,98.38077242285402,45.10930606144414
512,98.45277556787056,44.50819944030294
513,98.99796640892205,45.483558505890095
514,99.21295561865745,45.34733742984905
515,99.23993504178975,45.13878954973975
516,99.08079582735162,44.98834630069145
517,99.36065154508,45.331052673488955
518,97.99777826031125,44.808280730650466
519,99.22250186328678,45.70067408730487
520,99.19932160361249,44.09863028279257
521,98.70044190114041,45.580442588956544
522,99.44948294448726,44.969607682491606
523,100.03313665879155,45.65806477343386
524,99.02467900706661,45.02352715940416
525,99.60596948186016,45.405522318747586
526,99.91298041461425,45.41581889372194
527,99.49762052841537,44.4180726210387
528,98.3348719770043,44.73301408685717
529,98.2828167702404,45.34500211942486
530,99.09471520901984,45.42334092397537
531,98.8534540282916,45.1288784003663
532,99.06734260820366,45.032306065324086
533,98.840345321892,45.05760308205068
534,98.74911165820913,45.272267720282635
535,98.22456393316187,44.59440373927468
536,99.01027457690543,43.62886154506693
537,99.52269163440374,44.88089710905231
538,98.85130901651723,44.66275730861524
539,99.09083450137157,45.53477374283591
540,99.38833978177196,44.679932917922734
541,98.75382330607886,44.362101836606165
542,98.78392697317481,44.28229020592566
543,98.92170504505893,44.64488001566267
544,99.43773400854798,45.47158091160113
545,98.89755924264188,45.869988339128916
546,99.32173508472044,45.2846315871589
547,98.74081069061067,45.375733145866214
548,99.3075897074176,45.01138483383411
549,98.66770470958721,44.780842209356734
550,99.07381871616383,44.86059196237313
551,99.7585732951203,44.83850089411866
552,99.41388817636599,45.28104230488359
553,98.89641736818403,45.31237249781005
554,98.46890215074298,45.07586798799219
555,99.74314997759042,44.593313368763454
556,99.22476052979549,45.468567561322054
557,98.56437588552572,44.202419331914676
558,98.79833721822176,45.50862841912517
559,98.83484083460603,44.84136140655789
560,99.20614772751568,44.76855094205887
561,98.71372505307698,45.94039663992763
562,98.76264711140213,45.21499812186279
563,99.11481532711535,45.834357740827215
564,99.27478056668654,44.67506619916627
565,99.15268422423661,44.92072460853549
566,98.70482557481563,45.42114717982904
567,99.16851794730414,44.826544923299615
568,98.6810526713316,45.20219599903351
569,98.35140070998628,44.91253176967704
570,100.1558322397168,45.35190602433061
571,99.39232219147532,44.91836214283071
572,98.97202755986677,44.82416784559394
573,99.09831350970502,44.24351050079111
574,99.466729740256,45.89627394174287
575,98.94932356475272,44.653106310542356
576,99.89625787706233,45.217452149849464
577,100.01201349291965,44.85857649061405
578,99.90699756329212,45.01715962599604
579,98.14151938561312,44.229903476377245
580,99.11734147182092,44.870753857848456
581,99.64351764073047,45.821439235296225
582,99.7005412352816,44.57362354113248
583,99.7754232245448,44.7071476481567
584,98.73354790801933,44.365411898612024
585,98.31752952207957,44.854555419655604
586,99.35019978313461,45.56751695895913
587,98.75562493763267,44.41213008596774
588,98.75574740097385,45.522288859923066
589,99.38902345318408,45.1372591477885
590,99.46445351231233,44.288306449336254
591,97.72609371483857,45.25788874654103
592,98.98293501565875,45.126183357296924
593,99.1932674974987,45.363541355538175
594,99.01253009315573,43.96275997556757
595,99.45820223691906,44.419450740069365
596,98.16968866841991,44.83279883763092
597,98.99891803059987,44.907940580248
598,99.2963024617936,44.803969863242976
599,99.6519816796228,44.69302415594539
600,98.97132078275226,45.021194878244586
601,98.92863083209643,45.660983392788395
602,99.22287667258458,44.9434100177757
603,99.23242934278629,44.537539315635215
604,99.61031034229336,45.177426326647485
605,99.16314115738092,44.37625137841391
606,98.37371094006528,44.68906983600581
607,98.25086816047362,44.8495901551697
608,98.27061259495605,44.90717018891851
609,98.65832836413429,44.900117158367436
610,98.7630761851392,44.690033864573344
611,98.72051428200449,44.91211183732153
612,98.94031903695988,45.47926439919137
613,99.54109521375477,45.38016289949875
614,98.9836497372679,44.82198339649489
615,99.54442344654441,44.82968143252203
616,98.9368872183389,44.7851537995909
617,99.24177345612179,45.09000317935501
618,98.24275565915681,45.617240616143924
619,99.5426269697571,45.20633796170073
620,99.6357611062648,45.08361440906611
621,99.01970262891255,45.64401249168057
622,99.54206053756494,44.81447329061808
623,99.72153436686118,43.96973684314795
624,99.03502226449987,44.88564276536626
625,98.59636439300665,44.9051517049619
626,98.8043906943632,44.94400139506149
627,99.20981296307242,44.67662300465622
628,98.73315999395668,45.63828012143099
629,99.85541955239138,45.51600817247636
630,100.73167453173112,45.011257693959784
631,98.7249905018166,46.12257390638427
632,98.62595716344235,44.39881432409976
633,98.32904509892552,44.874051299813694
634,99.36787078346259,45.211573900868345
635,98.21691272646504,45.407405558601546
636,99.2034232155758,45.62711898792497
637,99.27081558163582,45.58459868263971
638,98.40466592654035,44.188412224785914
639,99.08609457197626,44.970040455760035
640,99.49902525152966,45.752090267970246
641,100.49476257926301,44.99530235743643
642,98.64169449381048,44.475284680913276
643,99.13316962563803,44.97542187531584
644,98.8721101340114,45.24478818486556
645,99.19828011302013,43.98091753704381
646,98.77208489569189,46.436317714091274
647,99.17381108083664,44.71587043326324
648,98.66140595971903,45.09599469845507
649,98.26550337560552,44.858452717141
650,98.10990664344867,44.83558151620167
651,99.80769613206871,45.09745271290647
652,98.4786570075073,45.76527559296929
653,99.36845552419464,44.358841835707665
654,98.08907147046926,44.34115565755243
655,100.14826631664998,44.430289649748225
656,98.67321079729582,44.58228877002918
657,99.10007426259692,45.29434750882912
658,98.57741066806857,45.18462682908771
659,98.66470899279943,45.1231595605441
660,99.28287092773962,44.684289622760396
661,98.8480864192693,45.13027033845941
662,99.38005387191754,44.11466313885797
663,99.57825956296668,45.5078071286745
664,100.00206833264158,44.47029289446638
665,99.49416203383242,44.32474214359936
666,99.64288087463603,44.785247316714226
667,99.0469280868513,43.82143069587611
668,98.58166224349885,44.993876691889795
669,99.18458212604877,44.2498481444561
670,99.26382900549449,45.40868961535052
671,99.01861078155305,44.10320579298149
672,98.93053006909793,45.05436067512365
673,98.81490955192669,45.95614276675611
674,99.11823160760191,44.53727517532743
675,99.10593296771746,45.15488200479952
676,98.4667251380546,44.72333041405761
677,99.55780556874049,44.841646835072794
678,98.8152697297107,45.35428769773155
679,99.85101595390951,45.54493007600597
680,99.11538455377503,45.3416518574945
681,99.36264864587632,44.10991435221849
682,98.85939512620635,45.016279828030086
683,98.74532143769828,44.864257071025015
684,99.0404451366602,45.22371571690344
685,99.93440228035094,44.36600569191568
686,99.14892141340134,44.56087728346686
687,98.5463644547209,45.85111862048145
688,99.15342300054927,44.975065434463914
689,98.55705738479993,44.37975322160257
690,98.26744307253702,45.50910487144276
691,98.78518844163189,44.86739240392618
692,98.57595818133647,45.43125838660537
693,98.69007406980803,45.20086308288275
694,99.21125278891769,44.64054900431357
695,98.8557060693744,45.09373733229594
696,99.5950033440499,44.641095710532355
697,99.67374919359426,44.81000127948091
698,99.44936939660167,45.742623975023896
699,99.62372440018218,45.37819402856356
700,99.35207157787677,44.92438112144629
701,99.38754973416805,44.6156792983275
702,99.25828825628376,46.20936330995518
703,98.88531149932345,44.71853961119698
704,99.13558028365635,45.78857345608917
705,99.00856073181062,45.230731226915765
706,99.35795470900592,45.127223602336585
707,99.12838594487958,45.50498898814556
708,98.95356447672955,45.33785508957441
709,99.1289618380697,44.73602016318341
710,98.90019335763513,45.314434105917236
711,98.54735313385156,45.03485243462118
712,99.10993876713343,45.250627462089064
713,98.78758168233419,44.99080193015563
714,99.46973045858391,45.3439993684612
715,99.69250155162436,45.36338909239181
716,99.08988322948055,44.417836821343876
717,99.17201552086442,43.94908612828658
718,98.02364468272422,45.12700363423703
719,99.51072740661182,44.05131954696631
720,99.31140526778887,44.93996728947101
721,98.50910603995243,45.027468860119995
722,99.82816154528858,45.2437698565594
723,98.42669862385965,45.41740400297799
724,99.12436324195369,44.42403000263797
725,99.04223125847523,45.20590667148993
726,99.01065557971793,44.85894483781565
727,98.64733876836944,44.823115218815566
728,98.91814450206623,45.416879895478125
729,98.99546369159451,45.258657101210204
730,98.8707780434884,44.69530894064279
731,99.52608238503488,44.56001608947954
732,99.51274580703932,44.848056082871686
733,99.35022009314108,44.655605629177735
734,99.16933936988683,44.40516355015693
735,98.9354133825347,46.185963051949415
736,99.39657014636626,45.72632576990176
737,98.64426142602967,44.27132797750895
738,98.86103572797049,44.36358605320231
739,98.501706926235,43.90730521147537
740,99.17656098920551,44.917366664426076
741,99.7430393111704,46.025400444210824
742,99.52154359102742,45.67395521015181
743,98.7550766140052,44.60155889818039
744,98.63873674097363,44.781819559391
745,99.68400545374192,44.95955331143165
746,99.13955851596138,45.420131541570214
747,99.68252218359433,44.502945178566996
748,98.59465900393494,46.0611658126109
749,99.14949399209573,43.94912847455696
750,98.6766437852313,44.29179586979847
751,98.01427114112983,44.90885343196278
752,98.82239912637665,45.088068666004936
753,99.26596195003194,45.154837755024055
754,99.23365195801019,44.69477864850372
755,98.44557619951705,44.77342543106504
756,99.01312210088486,44.48660355924786
757,99.62566719988116,45.306991097763856
758,99.4518493419724,45.48163156128798
759,99.37697829397065,45.33673598107785
760,99.4504119564591,45.51575265926516
761,99.40333780072932,44.85090102177298
762,99.09365310254243,45.287690278881385
763,98.11438866863712,45.00334753661882
764,98.66583769510851,45.22729171192919
765,99.21309088071449,45.25547271394001
766,97.54848036716832,45.37039234017612
767,99.01877974106367,46.101713356225666
768,98.60135419512615,45.27258336033371
769,98.85099839943173,44.62069749528849
770,99.66217799919907,45.03235216603672
771,98.93347429406997,44.81225247606903
772,99.20516990368269,44.67081445594375
773,99.58839746969129,44.38206430459049
774,98.98106405493685,45.463107774995635
775,98.70063768751922,45.08989171384354
776,99.26914496660872,46.01632875359851
777,99.5006923279793,45.31756097165002
778,98.77433698240141,45.363700817126066
779,99.05020200277498,44.7917614482362
780,99.38861544353809,45.44796385930554
781,99.36723615416432,45.501220341933305
782,99.14703383353522,44.82977760166091
783,98.60847387904131,44.85684760374885
784,98.59262609517911,44.12411264903489
785,99.28300901627746,44.84838808999286
786,99.20574317151565,45.284285728519954
787,99.09390078083189,44.617006082280334
788,99.19970076082136,45.45424926918506
789,99.2674923222605,44.676706659221175
790,99.75420510789507,45.13080423781374
791,99.3320828640769,45.17032608807146
792,98.99747558056183,44.63326477582672
793,98.86294152997549,44.849722387724604
794,99.28330152666076,44.94792343154649
795,98.58162755276216,44.902509281444125
796,99.01432774664381,44.14508103404101
797,97.59945468910365,45.22291621192279
798,98.79835087149877,43.85617574418188
799,99.00595470278529,43.81693151038663
800,98.74112610931242,44.95464375086919
801,99.24479765517843,45.245166605626025
802,98.87694692286871,46.55536225029718
803,99.58598627565551,45.12077886972328
804,99.32474076680248,44.468949711673275
805,99.318219562848,44.89567421229433
806,98.96298844091686,44.773760120878784
807,98.05831622174827,45.36051184339149
808,98.64128140092824,44.96528303304786
809,99.67329400243692,45.601630155240315
810,99.23615314747072,44.79958526828486
811,99.75271110640118,44.526582640078146
812,98.89397147763107,44.76025945017862
813,98.86810729979142,44.5556689859144
814,98.15985726447616,44.86786494806897
815,98.86742531626221,44.91512245407516
816,99.40000126793585,45.83906165599169
817,98.60634821564163,44.4874220164501
818,99.17124073775778,44.31004722518791
819,98.191068161316,45.318573154157264
820,98.23573881486345,44.62773090598393
821,98.49854404454051,45.70031364829949
822,98.69771480073771,45.16739306277525
823,99.66433250511294,44.62945114172405
824,99.18092175822832,44.59841712633477
825,99.88121762881026,45.07954631399132
826,99.77862171827883,45.02844590561572
827,98.20036373387549,45.30085601681921
828,99.34776469166012,44.13612302734389
829,98.93278333902302,45.22129023214382
830,99.78460480646923,46.208411087822185
831,99.26289949865298,44.81663186488374
832,98.56948495202451,45.36419072375829
833,98.36816997490105,44.650856172972
834,100.11637254450683,44.44061780756256
835,99.03129932741523,44.42735257130285
836,99.20558499735807,45.953574547639526
837,99.31084987921902,44.20544090023837
838,99.06794720050907,44.569146078512226
839,99.03350393622128,45.0236979391905
840,99.91518194846147,45.455637782838934
841,99.36494573005139,45.421233713818964
842,98.95117440135826,44.593668751838365
843,99.21085385350437,44.78281620928396
844,99.87610711986571,45.51768442120859
845,99.00553986136757,45.904747537157505
846,98.4394212511519,45.480213366708384
847,99.26198401313677,44.4657563401043
848,98.83205618209776,45.904575664565
849,98.97411750554049,44.888334310667005
850,98.97303701865724,45.71019786049375
851,99.77202841478228,45.16274564050041
852,98.70712157487901,45.38942783441026
853,99.1350688239743,45.429378799404596
854,99.46332144971633,45.40811185618741
855,98.84712724549797,46.19460840349595
856,99.57005390723452,45.08235222142453
857,99.46526195573242,45.48623471071285
858,98.64456505209068,44.53409200836054
859,99.89536309064606,45.297013537573775
860,99.03653521897277,44.15976315008558
861,98.53250840799258,46.21357468533684
862,98.4147719308594,45.178638704227744
863,99.3633214592369,45.20691043085513
864,98.96351643302175,44.98257242906902
865,97.84277293128561,44.068340378380256
866,99.33383586771248,45.552966624937675
867,99.69287968753547,45.27263605058148
868,99.26008991123797,44.85841129362245
869,98.370665336646,44.716278962538574
870,99.080641793731,44.8727596143724
871,99.05391237593356,45.67866842673094
872,98.68714955209397,45.84109844851005
873,98.58638581278409,45.76496350990015
874,99.43013339407204,44.867123074526
875,98.62503033262682,44.127167726335806
876,99.02578392850384,44.43052478340605
877,98.65869316228745,45.282584080386684
878,99.95785013153576,45.512968652664526
879,99.66292460435282,45.1693964011235
880,98.61802819681155,45.158872549288546
881,98.89612506885938,46.37869964102834
882,99.06361519954189,45.88860378172577
883,98.87346116370962,45.48665573337889
884,99.2753882650848,44.55912778716722
885,98.14402231199941,44.80166765290909
886,99.56608376581674,45.21903115952371
887,99.16053883835677,45.679265156314074
888,98.67039043262524,45.50022818608732
889,98.80935639578578,45.36026298514644
890,99.231515397701,44.64525621858538
891,98.42977468904493,44.86426985944065
892,98.81812584469778,44.69019931458249
893,98.49963778870807,45.532763923424326
894,99.73430001429168,44.542757296696884
895,99.0377010079331,45.38912304270287
896,99.03873287413613,46.11943076279881
897,98.71765767699583,44.682830496315006
898,99.04894848173501,45.23486851337303
899,99.41578560931906,45.946580291158
900,98.41475002630395,45.85585463044068
901,98.7191535952418,44.74971821487276
902,99.340198430337,44.73951144180481
903,98.31178003036075,45.27918279075511
904,99.12424790824983,44.62165483841298
905,98.54900389233623,45.309138657700636
906,98.99301775630494,45.54882515381768
907,98.39758397052306,45.64899604407051
908,99.10602121891165,45.31120605361763
909,98.79363701964016,44.886678428461146
910,99.10531101669477,45.20761226137935
911,98.26059056231345,44.56866045747381
912,99.74449143251947,45.39218616697825
913,99.4511744158301,44.391702525551736
914,98.12555047630198,45.469327905846555
915,99.63257020141138,45.116844003474306
916,99.36112653715067,45.309226085855784
917,98.93884311726035,44.7556825886655
918,98.90392244887308,45.21820615981989
919,98.99407767685751,45.237478116203654
920,99.33351608058301,44.85749813387284
921,98.54047192999315,44.581568202102495
922,99.77065019292525,44.250481218318725
923,98.88200752879766,45.889323436739545
924,98.5094776791392,44.898703785255854
925,100.16452885899841,45.01698611290631
926,98.6713503796427,45.37040650387339
927,98.63256748282126,44.99927763733549
928,99.17125587131741,45.748544405353115
929,99.52083633157109,44.784904251795155
930,99.08113219927795,44.98330286749966
931,99.88282963382686,44.33001405518669
932,99.9040505753626,44.32433249301313
933,98.7884477288068,44.91163328336989
934,99.00569634566615,44.91458582976964
935,97.92001737684298,45.55018261691804
936,99.366751768636,45.0915027312416
937,98.73285951285024,44.83537608113018
938,99.91635298496338,44.95875249519904
939,98.58590650987901,44.77661430575526
940,99.49727905397397,45.0127301165814
941,99.11055342165557,45.221748976330794
942,99.58896043311182,44.712463460006695
943,99.50352063629943,44.73471204376012
944,98.71297689390552,44.775234252660205
945,98.81153738172796,45.098910011537335
946,98.70648772160061,44.61933430400402
947,99.258547018658,46.0621251778633
948,98.87273428691311,44.427758813064656
949,99.9534007904763,44.32515609422366
950,98.47128777333361,45.87660103888316
951,100.14846702851519,45.526221798456916
952,99.41712982144288,45.42619503099926
953,98.82449131093576,43.887173027314496
954,99.26338579578925,45.58734656771998
955,98.51298985706673,44.872743275705865
956,99.42043308952732,45.03640369625392
957,98.28514557526634,44.09136247308509
958,99.10708468901194,45.391797084529074
959,99.08898686877649,45.3751080312788
960,98.86611443481864,45.565585783953914
961,99.08130242461779,45.83545982883158
962,98.68346955058308,44.757530075850504
963,99.05253284806268,45.04866747860588
964,99.57619881181047,45.59044928078701
965,99.95991181267617,44.94014594135079
966,97.8781280883219,44.616936679829344
967,99.10773281148752,44.571331587505064
968,99.6987443045013,44.73368546573181
969,98.8528485955132,44.709037641119075
970,99.21187968416258,44.938171529498284
971,99.4094761590409,44.6830282718729
972,98.70163092418876,44.65135207945493
973,99.01067616629949,45.76199492703495
974,99.43445818973301,44.91633509597367
975,99.59514181505453,45.21838774697122
976,98.72749662545934,45.710309970572105
977,99.34252382543423,44.65041895392144
978,98.55087867662404,44.90986772784972
979,99.39485413975333,45.41882576669994
980,99.44263524685783,44.83920335215212
981,99.5757997259342,45.63790555413129
982,99.29765393653825,45.50851929427553
983,99.34331764628438,44.97395450965692
984,99.45516200117392,46.09984219753162
985,98.40800503084006,44.75325147177618
986,98.8206514460518,44.854057255818844
987,99.09719589330659,45.28761930253912
988,99.49431698617164,45.23915978440732
989,99.7441061794097,45.61575475973284
990,99.02716531687967,44.76043011052358
991,98.31196939410145,44.30416177802147
992,98.6550625556506,45.185826977274765
993,99.54353208946605,44.53106138505979
994,98.55096826625199,44.05139266117195
995,98.71874678824581,44.61630582618206
996,99.17088177399303,45.715911150148855
997,99.53064146099625,45.37532195525958
998,98.26873409187284,44.80249343498847
999,99.20415802158435,45.49289094151367
1000,99.17278649489953,45.08924809409157
1001,99.08935662478822,44.40948288948509
1002,99.44844559797501,44.40898637111752
1003,98.853740411633,45.71450000648342
1004,99.10860011785722,45.11869317142061
1005,99.93231091038173,45.261839840777945
1006,98.96986462062237,44.54758153301505
1007,99.09663175827457,44.61762941253831
1008,99.92168337579237,45.40043127911027
1009,98.58406669152825,45.055293190140816
1010,99.18555161638727,45.80581084914328
1011,98.58049500459012,44.94366426836035
1012,97.46277107943229,45.2422672684595
1013,98.87321560546675,45.153772607282086
1014,99.1310295698834,45.91223760042273
1015,98.88830256281281,45.04873315763276
1016,98.83763016643012,45.72981107066486
1017,98.60065144995104,44.71195435705588
1018,98.30527906030886,44.77812782889609
1019,99.5036954476199,44.9104869244792
1020,99.16873911492738,45.16675901941119
1021,99.05218766882301,44.60582976447101
1022,98.67170194803262,44.37581065574407
1023,98.79513997983906,45.27164486353582
1024,99.76249044261029,45.01185855976741
1025,98.5022786453459,45.29329046625982
1026,98.86386620411014,45.148597302248135
1027,99.46050554860544,44.85733065825412
1028,99.42596480385343,44.70073593533546
1029,98.9507000654079,45.65483883780014
1030,98.997936721916,45.01836054496274
1031,98.33161797686537,44.718525496383805
1032,99.00191473219857,45.26535914288998
1033,99.29944444484465,45.59359565650285
1034,99.14635914826141,44.36164869029721
1035,98.49968995208283,45.447192249811884
1036,98.79596607756362,44.65147751909724
1037,99.06461371065436,44.6973277868594
1038,98.23147103986561,44.90557814550608
1039,99.18712616882927,44.917317260021484
1040,99.48090902001756,45.94824687703414
1041,99.4699422243786,44.52327739485058
1042,98.98634091617508,45.06456643071641
1043,98.45222315421124,45.340011478181054
1044,99.76546272771839,44.7746113384381
1045,98.78963139329612,44.465033233869846
1046,99.38184051762349,45.04253088476712
1047,98.5537387261276,45.0434892871669
1048,98.83358845962795,45.17419029488459
1049,98.4607429938757,45.45729208407785
1050,98.0122065334105,45.74684045779875
1051,98.92921258755442,45.757451733988496
1052,98.76885602738638,44.92655464455789
1053,98.88493149059684,44.698390691332406
1054,98.65527776012091,45.6829015938816
1055,98.92412241086728,45.445687251196816
1056,99.02141391133841,44.99911430666313
1057,98.61900172370837,45.441034025620745
1058,99.02981942010624,44.844031890901014
1059,98.908742370854,44.59139607611519
1060,98.61403218248711,45.32036021587666
1061,98.86057449277237,44.35053310773534
1062,98.43472856847178,44.4169033258571
1063,98.76851016358269,46.12185958466862
1064,98.36059256013618,44.307644930951426
1065,99.68246001352499,44.961497123099555
1066,99.26975659725,45.40500643378779
1067,99.06186481925553,44.24485251144931
1068,98.73001612605793,45.05649683758101
1069,99.29155072337711,44.7918057230957
1070,99.12806596051044,45.087787091727236
1071,99.09423341679435,45.84015036499981
1072,99.25690388404513,44.150153418745994
1073,98.97621600130911,44.53905228527975
1074,99.44113347191384,45.681026472043435
1075,98.65536560041004,44.93589059425999
1076,99.95949371270476,46.61847828954166
1077,99.17088744199,44.98100445383624
1078,99.10206610770283,44.52016157304728
1079,98.46053177865282,43.99146251219298
1080,99.15081660948356,45.3874754080932
1081,99.09624736033837,44.243999821360894
1082,98.74459159117022,45.274220100422596
1083,99.04019618462465,45.35402460380472
1084,98.31016464755606,44.89585996202907
1085,99.33977097705748,43.98455699678173
1086,99.05529660402334,45.72611581793495
1087,99.66560270759827,45.39399337621727
1088,98.52282657793023,44.406690028435555
1089,99.93708709721895,44.11535304821996
1090,98.67701363062896,45.535095701977575
1091,99.61616059355997,44.66697362265513
1092,99.03469328215631,44.8108444389877
1093,99.41421663524063,45.226956578085876
1094,99.11372052545322,44.875488229434055
1095,98.91245479453261,45.00317300816982
1096,98.15973612169051,44.1740943586252
1097,98.493033800698,45.02204345381285
1098,99.94911328895309,44.807372451321356
1099,98.93702548586951,44.38505857160833
1100,98.5129996205578,43.02326142665975
1101,99.0701910199125,45.153708651706246
1102,99.8107361482128,44.953388830530464
1103,98.94265126273358,45.609605171808305
1104,98.75179869835175,44.38708405471411
1105,99.25057636384106,45.15737130532349
1106,99.29134120612571,44.55964970195187
1107,99.12525205954975,45.108350664718266
1108,99.10990017887765,44.439711087645634
1109,98.65782279739423,44.82492439651159
1110,98.92503773384242,44.71344313486841
1111,98.33688549587481,45.49805324016333
1112,98.65305587200908,45.07529478989959
1113,98.51581249845661,45.363765865035475
1114,98.92297132850375,45.21165433422343
1115,100.6156089994756,45.569219880469866
1116,99.5511605106208,45.507392192376464
1117,99.8704370370887,45.26424540386333
1118,99.04854926311853,45.7993155410801
1119,99.71434686393876,44.95975616630736
1120,98.68971821291598,45.13162269608091
1121,99.23581372274185,45.443808047099566
1122,98.87997862747233,45.11117713521551
1123,99.15833023983929,45.800786842792945
1124,99.03343533715199,44.72161625972477
1125,98.28003876039399,44.45449367059854
1126,98.50102879269643,44.48284308672519
1127,98.97197571202332,45.64283589327018
1128,99.80393921500242,45.9186309017445
1129,98.6676532939718,44.38193348198173
1130,99.6300751372343,45.06205886440911
1131,98.36632898302852,44.6733750239732
1132,99.62470219546141,44.8542520758791
1133,98.5517060050613,44.80288977714252
1134,98.31246957788615,45.43248754162683
1135,99.66196099864156,45.279422904661644
1136,99.00203933881522,44.878638279978574
1137,98.7481537918802,44.22473764957316
1138,98.23443587439947,44.998356758739774
1139,99.16554913205793,44.89996822222495
1140,99.79547496820105,45.30281180746228
1141,98.42644905212997,44.67016827293011
1142,98.11654983491734,45.8139114161725
1143,98.58295763565768,44.113466403562725
1144,99.01799099714087,45.06190930573781
1145,98.92257916841467,45.14937796219875
1146,100.08229961236125,45.18565333130053
1147,97.98685052015566,45.31760340966412
1148,99.09420466428574,45.08369759542718
1149,99.87616455093735,44.303446668009315
1150,99.9420259666154,45.94929998094416
1151,100.15871985490843,44.70015899680543
1152,98.37452549039482,45.05369094117232
1153,99.03942203855676,46.23986601035448
1154,98.87479842414604,44.465569166706786
1155,98.60893519478192,45.391956240628936
1156,98.96838265244078,45.02839353227051
1157,98.93693883410832,45.183206735308914
1158,99.3870604171425,45.38255683352474
1159,98.23530151893787,44.255662037714714
1160,99.49502676402406,44.790221080006006
1161,99.21065332107999,45.56485666548167
1162,98.19089237643756,44.58145906402911
1163,98.82247378658843,44.71875540700011
1164,98.53792470428462,45.0737206248441
1165,98.89143109419099,45.49667605209085
1166,99.1180151603516,45.66679898559259
1167,99.62838128607343,44.3618102460393
1168,99.52671368661164,44.63332269291497
1169,98.23105095116564,45.196595369952284
1170,99.38476105255326,45.4152800764133
1171,98.07043655190144,45.45814736475943
1172,99.18389344357358,45.46952119423889
1173,98.8724536836879,44.56493724684714
1174,98.8424135917795,44.64784188451905
1175,99.21808888363294,45.48571536602842
1176,98.95338255680153,45.06585005668889
1177,100.17733193610515,44.133485251827935
1178,98.3162477338278,44.95953487766637
1179,98.92736134069501,45.271096882363935
1180,98.83648353309411,45.54640529967116
1181,99.3122655035688,45.470345326650076
1182,99.25954161368624,45.46052550416563
1183,98.98810625876662,46.06439896327066
1184,98.37910601582242,45.26544786064846
1185,99.39694862722227,44.85610962048501
1186,99.30383863503955,44.64441327557083
1187,99.96333286521627,45.112113810381715
1188,98.64277993517297,45.135493191039714
1189,99.62249088152107,44.31623025260641
1190,99.3358499331964,43.23749001950438
1191,98.74534701924466,45.36031316612866
1192,99.40312459597722,44.940473291116795
1193,99.83554712331497,43.65490690374275
1194,100.10636221385796,45.29894916708095
1195,99.16231161886469,44.881017815744165
1196,98.855657146926,44.9961598780194
1197,98.77631166524039,45.56118776312928
1198,99.66248187534664,44.573784642186965
1199,98.7338744855185,45.12885421411883
1200,97.97210890265464,44.96999910842428
1201,98.80756389804569,45.86743716867258
1202,98.67729132804078,45.44637667387032
1203,98.1644745068843,45.66489456683345
1204,99.24522606275112,45.299013966270465
1205,99.19204960863335,45.7359054615961
1206,98.6321050696151,45.597903740402344
1207,99.29798029708897,45.17591548615967
1208,98.42295026829656,45.42304690895828
1209,100.16104544164344,45.724152994342994
1210,98.02019618010941,45.792279698545116
1211,99.06369913404905,44.591084218959
1212,98.53555083660471,45.99171849381123
1213,98.28098489468398,44.84953039379409
1214,98.4801088517694,44.27327244740702
1215,99.10963811402507,45.45660566422655
1216,98.89296324950486,44.45179234689836
1217,99.29930064222727,45.31840802956676
1218,99.61600818047737,44.819886406445946
1219,98.3429614834048,44.806513549668075
1220,99.56371090116295,45.721930812774026
1221,98.76419006964903,44.710652459683224
1222,99.2240880378858,45.896910604077235
1223,98.41282103481511,44.989373430787616
1224,98.33282334902461,45.26045618977394
1225,100.17465722952304,44.85005607766163
1226,99.06483485742112,44.55406411177203
1227,98.1901485850519,45.36626935330432
1228,99.35520738844497,44.45424882147096
1229,98.53274760017239,44.83907199480013
1230,99.0231264879794,44.77556924504538
1231,99.90609368559355,44.78347894696979
1232,98.85272207824339,44.78965281179217
1233,98.75254872843867,45.78017489508807
1234,99.37136499372815,45.59312883083055
1235,98.467338169224,45.30936621323146
1236,98.95145055920837,45.13685793522131
1237,98.42047189127229,45.29584792262782
1238,98.6648432833666,44.529639390156326
1239,98.27778143865993,44.38526176025248
1240,99.61897908081022,44.89453388900461
1241,99.34170990386019,45.06370944489199
1242,99.16669385571579,44.704094652715426
1243,99.23867878916064,44.932883933293276
1244,98.58620523894366,44.672203250087826
1245,98.84663872026628,45.0722413640497
1246,99.48997955551026,45.304256179083126
1247,98.53393011488221,45.10836663032209
1248,98.93537281993581,44.41049810097315
1249,99.49690961435019,45.639576555208365
1250,98.87645010827544,45.59823218199057
1251,99.69784569742897,45.1706959806273
1252,99.17940079157036,45.67185104325019
1253,99.52620334038043,45.80097505550748
1254,97.90253802153823,44.97051672858757
1255,97.98110378010792,45.12033172909309
1256,97.60855270258388,44.85776241446649
1257,98.92112684065363,45.0062059447588
1258,99.60963821242716,44.4283691594377
1259,98.5242901634461,44.65165021909716
1260,100.31361234789183,44.80806535764624
1261,99.82282835051288,44.683482337939154
1262,99.19550348248163,45.06239900248533
1263,99.2502351620933,45.57102668549062
1264,99.20621505371146,45.33064736108319
1265,98.73500556097791,44.86033601469957
1266,99.27726899366496,44.977412226382825
1267,99.08515600300059,46.340024433426244
1268,99.12212869742395,45.20579625049345
1269,99.3547603305748,45.317674994599145
1270,99.99911262565442,44.777256522590285
1271,99.35652184675239,43.70846001875678
1272,98.89077772921719,44.70280082653429
1273,98.56315966200522,44.27721516799429
1274,98.41583264374121,45.55277815230717
1275,99.083432897112,44.51623895693168
1276,98.64587113408949,45.1513887044877
1277,98.81329184779355,45.63352393900469
1278,98.94894469647352,44.69812171552848
1279,99.61759211328567,44.77954133561708
1280,99.27673511459781,45.63327142295603
1281,99.29027541217859,45.972784107795505
1282,98.8286109618899,44.16544524148556
1283,99.10760711722739,44.09400656771422
1284,99.22966382508264,45.35973359739126
1285,98.53791943101055,45.19498708247225
1286,99.1984733174062,45.12974826431946
1287,98.68186999155755,45.08461939745617
1288,99.35206024613319,45.93998739778739
1289,98.81834299376784,44.739000633921705
1290,98.88072717484727,44.88362839532183
1291,99.09176475932054,44.77812195020576
1292,98.72361345892713,45.487078961527914
1293,98.76310108657063,44.68530852446665
1294,99.2682665292839,45.118689321252525
1295,98.55393785703839,44.76087346266134
1296,99.31658323615711,44.911606737367364
1297,98.97915499496251,44.87225485221953
1298,99.33083561066661,45.055666708496126
1299,99.75080605201526,44.496463454458095
1300,98.91921751889015,45.219630284610346
1301,98.85920490270055,46.098916338779375
1302,98.42735258693479,45.04079977865638
1303,99.51620929050634,45.33400813993515
1304,99.670289011288,44.39996126169602
1305,98.70443342430053,45.42901517694232
1306,97.91892330781734,44.688672005478594
1307,99.7557986999035,44.04011273505855
1308,99.0514557592885,44.74407857763397
1309,98.97244892066465,44.852513207013494
1310,98.34848096467965,44.63496154494242
1311,99.2461411710415,44.93143943827254
1312,99.422313846267,44.72987037475914
1313,98.4286220706781,44.97045384800618
1314,99.44363415573049,44.09725538360016
1315,99.13297860288971,44.274334906835264
1316,99.33888481655742,45.62994428899335
1317,99.0311873426574,44.02038479885323
1318,98.47373064507889,44.80462973163871
1319,98.94599631620906,44.94100436206411
1320,98.66813953841081,44.72035890590824
1321,97.96638780878989,45.10614662111477
1322,99.2154143416598,45.41207745905439
1323,98.6454321208656,44.79583611624542
1324,99.71742653418076,45.5522867080989
1325,98.59262033545087,45.16415515786757
1326,99.30151345038063,44.95716818616733
1327,98.82675650211449,46.234222557164365
1328,99.69260093234246,44.94745586693889
1329,98.84417033882465,45.630866875813695
1330,99.65872440448277,44.88147451229078
1331,99.0386052354576,44.54096150025915
1332,98.16376926587411,44.25392508336056
1333,98.31264645917692,44.16044714103862
1334,99.84868813406129,45.31261958736725
1335,99.20630587094863,44.8980008794909
1336,99.08283486295674,44.51814634956968
1337,98.99703560687216,44.72203396016822
1338,99.16966237730043,44.673869902418915
1339,98.60424176573322,44.99088471446229
1340,99.01773914363771,44.67336258141899
1341,98.73664425585629,43.92770736831725
1342,99.21873700106379,45.60661169080247
1343,99.22942187545368,45.08143682914188
1344,99.06822176717051,45.10410342399758
1345,99.00567178493874,45.045816259832534
1346,98.99345616914378,44.56705661149157
1347,99.77721829623715,44.58334132816301
1348,98.90609679309908,45.23406096562015
1349,98.55972815733466,45.753619942579405
1350,98.18627613936523,44.93345416926796
1351,98.75692671619635,44.960561523354606
1352,99.10705608499794,45.20561602144373
1353,99.74139916663987,45.13094457338342
1354,99.34085458323617,45.35058929976148
1355,98.74803246492087,45.02951359206133
1356,99.42397111977489,44.50398983383528
1357,98.04419726998019,44.70638218652494
1358,99.53779893630548,44.39324955691951
1359,99.60144412628749,45.21501502133989
1360,98.70742353393541,44.59383669246974
1361,98.26268623394714,45.02591746405134
1362,98.73838287391673,45.069268200181575
1363,98.86851936181142,44.27513947659481
1364,98.6842323107589,45.95222736532102
1365,98.37622513093196,44.366910772324374
1366,99.367216859615,44.60465924042101
1367,98.67269063759612,45.04513500387338
1368,99.04112152922134,44.6406962012913
1369,98.90477953568168,45.15469840304678
1370,99.49875390675513,44.69846396274414
1371,98.22311080306801,45.34341188291064
1372,97.98219896212727,44.63617131159955
1373,99.36363560774687,45.14470147648472
1374,98.77822422122058,45.29394608289325
1375,99.39331738625438,43.91278620460088
1376,99.11427946217259,45.38924140047994
1377,98.98605995568032,45.185221958844835
1378,98.28994344829172,45.25246779158684
1379,99.66353825335239,44.23666478423528
1380,99.35796209510168,45.101086657980495
1381,99.24972619574154,45.28536817362633
1382,98.83698324017499,44.40568393931368
1383,99.1283144132819,45.50721174921239
1384,99.80132982083552,45.05538006314203
1385,98.41360207143887,44.49534321128958
1386,98.00755717446381,44.673566912088894
1387,97.70978700410978,44.02185626922345
1388,98.7781329327203,44.6065541989744
1389,99.30125959036874,45.52595525340925
1390,98.95219917816755,44.66748616132947
1391,100.38578900284332,44.42384210025294
1392,98.49572296885158,45.30037252373056
1393,98.19504400768099,45.36254142520758
1394,99.78803555701322,45.150696163501024
1395,99.29601520570718,44.299422181117514
1396,98.91560603683206,44.89404508159759
1397,99.4349104233351,45.00703873798648
1398,98.84044566375032,45.46780195178563
1399,98.9199192266048,44.56608161106026
1400,99.57375638429959,45.00557631093034
1401,97.78205734282645,44.788765643366865
1402,98.41878540570968,44.61077401341753
1403,98.52638992951935,45.67663453521737
1404,98.60011907022768,45.26575723817484
1405,98.48884800429323,46.08484758437071
1406,99.31507002795507,45.241919483915844
1407,99.71064916987146,44.90520071924896
1408,98.97351489955257,46.04540602460678
1409,99.95690731422363,45.36193098150508
1410,99.01177601627046,44.76398249397457
1411,98.0668884233394,44.9791503989327
1412,99.04166087463115,44.454031690257764
1413,98.70435570970895,45.27733514244211
1414,99.05415050915335,45.21497103700706
1415,100.2251693344948,45.384373289803804
1416,99.88312865985554,44.76059277901655
1417,98.82550473094241,43.65366680436344
1418,99.45072121727574,44.850900960690325
1419,99.6032092611041,45.29486156472877
1420,98.80659123408105,45.37481437536694
1421,98.89426935326539,44.508935112368746
1422,98.91029690671581,44.77683192418662
1423,98.33229128075315,44.880573591017324
1424,98.8239179112939,44.94260709606812
1425,98.59448612903886,45.301834414312324
1426,99.79377353046863,45.6894505710905
1427,98.82107597170258,45.45121376269335
1428,99.15517892673908,44.96693874039241
1429,98.59684489579581,45.8857868193077
1430,98.12505244067293,44.54330717128367
1431,98.64755889300137,44.04032528948496
1432,99.1648109984789,45.009344029103254
1433,99.05665165250736,44.97923765808471
1434,99.38186457240353,45.215861187562005
1435,99.20428057168266,45.05696608473031
1436,98.01085336826979,45.06021501533143
1437,98.48943268985288,44.551629627184965
1438,98.3893020902269,44.42216088869306
1439,99.4515272327169,45.85340431876455
1440,98.20318320320737,44.65144469634028
1441,99.08768997457724,43.477584530634914
1442,99.19967549196454,44.353753737665585
1443,99.18765482543566,44.7435258485056
1444,98.72215873759626,45.321462296306784
1445,99.4644509887933,44.313922628769745
1446,99.56632139646173,45.08270200177058
1447,99.35835941992117,44.2728063339967
1448,100.11953373356879,45.28110927696692
1449,99.57411981353265,44.24450782626485
1450,98.68403268359762,45.499934640493066
1451,99.3100544381835,45.84894499620408
1452,98.74881656561762,44.82828052363037
1453,98.71992483706703,45.072441812955255
1454,99.72061419659634,44.67410662175662
1455,99.65615310061614,44.62976399909932
1456,99.02087913836566,45.11142455406641
1457,98.90969929062253,44.52561685095492
1458,99.23888566702091,45.03066455030222
1459,98.93818992409182,45.17801970713337
1460,99.1115093984518,44.669996762729
1461,99.0470263510605,45.579686576359634
1462,99.46027143960913,45.06830263493692
1463,99.06845538838762,44.78844587850597
1464,98.37505115915805,45.225929000230046
1465,98.68838893139558,45.25872473220165
1466,99.00059038563354,45.045257471497365
1467,98.46436061163672,44.97162961231637
1468,99.6269347805758,44.24325886312759
1469,99.39235914255376,44.64842458444145
1470,98.25388299311605,44.34317336458991
1471,98.92632186897116,44.887742128548624
1472,97.4919419215461,44.030729018755295
1473,99.50088224587572,45.57619629842875
1474,98.69934961533173,44.604672649552846
1475,99.00257786321643,44.11828684650843
1476,98.19137064927818,45.26278545680398
1477,98.92596177048131,43.608382066344014
1478,99.08104273117453,45.698167633226944
1479,100.01531449819181,44.089244032051525
1480,98.4605114073793,45.292239828849084
1481,98.41059993689551,44.850929993718566
1482,98.07119363540194,44.57915820421734
1483,99.47376473811518,44.77713686062829
1484,99.74469289181728,44.461434823062895
1485,98.8459836539257,44.9813278264089
1486,99.28285533558314,44.91565556155026
1487,98.41187946630458,44.9944590502508
1488,99.0651407332224,44.58243140202872
1489,98.66440332713199,44.31749023151197
1490,98.4141134779958,45.07134713429072
1491,97.64001558281218,44.35666940203306
1492,99.0227837838246,44.87397558820082
1493,98.76215142567125,44.93322271824013
1494,99.88709994556898,44.93350604669687
1495,99.24427940344397,45.04759538449619
1496,99.13925572195244,45.45875975687718
1497,99.06087614641591,44.93436525076755
1498,97.79579794116906,45.62717524072319
1499,99.47552257642641,44.35566364848457
1500,98.24813528276921,45.25643337268211
1501,84.26833538156609,44.91761877908184
1502,84.88651943194958,45.4966559051976
1503,84.78004347547594,44.892237370772975
1504,84.70263566645711,45.80454517166387
1505,84.75474623463312,44.70018470005
1506,84.31035988368576,45.13487284775838
1507,85.30089146777425,45.40489751272145
1508,85.09832090655811,45.07623918479223
1509,85.8679770530178,44.58480678115773
1510,84.98233369209366,44.854914593685315
1511,84.37801043025185,44.56171191782004
1512,85.13829312509341,45.27073564489167
1513,85.12624496169896,45.04445782663695
1514,84.68663555342633,44.920605417780486
1515,85.66798987903665,44.70266702121021
1516,84.75824056769787,44.211240076357804
1517,84.96030070095162,45.3385339351911
1518,84.37414096239141,45.123883900392954
1519,85.46256242428723,44.89044934377506
1520,84.45766277804456,44.80763070451318
1521,84.9789527255931,45.35411818611508
1522,84.21579808595482,44.88605419977198
1523,85.35549910258808,44.507430720238425
1524,85.3461956085184,45.10644353290238
1525,84.97430265094268,45.21744136047
1526,85.64765855606184,45.09561888728989
1527,84.64842234360827,44.83764819859653
1528,83.95798544530895,44.388012321220806
1529,85.01434093242061,44.78822428430222
1530,85.73677986242079,44.83239610147006
1531,85.34831538339026,44.75215855718429
1532,84.599349710549,45.53938177266686
1533,84.71198347680254,44.89811402408224
1534,85.20147293626633,44.60179774333237
1535,84.93647747623679,45.38033855276037
1536,84.53552899777793,44.39573123324311
1537,84.64102427132218,45.67025090446277
1538,84.89528755704345,45.531337686391055
1539,85.24817490750773,43.87731889169856
1540,85.62340299529373,45.40172180307667
1541,84.74961295178062,45.68729242065348
1542,85.36622236410138,44.762248687562156
1543,85.97312531507106,44.33907423194004
1544,84.89722264081736,44.9296268367681
1545,85.26898587673995,45.02339543466825
1546,85.2059551346709,44.574241209059714
1547,85.47099714890466,45.91501269300659
1548,85.36490930791727,45.73429402912598
1549,84.32351026616044,44.79112165157108
1550,85.16375580265368,44.93095388468074
1551,84.75499177934279,45.16264268404154
1552,85.16602801837885,44.71814127273966
1553,85.04526749616065,45.21616159652956
1554,85.73121287886876,45.03975912413437
1555,84.62131349493241,44.981131843713925
1556,84.5110864593099,44.51424159296102
1557,84.70919485630417,44.78787199614797
1558,85.28965599969143,46.342185686152014
1559,84.69507800764447,45.673116078667995
1560,84.64552154796203,44.88906735109037
1561,85.36998134045969,45.733315419362384
1562,84.8948621900636,43.84584157996249
1563,85.55757494503969,44.6965276173038
1564,84.73587031282389,44.91507487681612
1565,85.54865591708348,45.83901471812973
1566,84.6387133083472,44.84394020882304
1567,85.04393127301908,44.66630621997325
1568,85.15916137875672,45.66638558232928
1569,85.49482147999456,45.41901401259047
1570,84.49262216255556,44.87049323432128
1571,85.17754353673462,45.30334983616079
1572,84.63397280501812,45.46978704397747
1573,85.30384358099933,45.74862377252712
1574,85.53769662658259,45.220137190122614
1575,84.57428769651817,44.74471340801818
1576,84.48439254340222,44.687413200432005
1577,84.23316097873189,44.75474222342609
1578,84.81499586350576,44.89625387225365
1579,85.43582287949943,45.72682130299019
1580,85.46382605857718,45.04066698392075
1581,84.92760850345145,44.983595598578965
1582,84.273575328438,45.48207214253811
1583,86.00205026797597,45.15551432375755
1584,85.3759733026793,44.96636305824359
1585,86.38598533714827,45.92996582141933
1586,85.22148085759235,45.416593293333676
1587,84.70198125884623,44.109891805804956
1588,85.18304827570213,45.40324683971753
1589,84.05882896062107,44.55721024878452
1590,85.58770971747678,44.149873542865606
1591,84.45917758919309,44.37603455904297
1592,85.59749869814506,45.23040562215435
1593,84.96876040169909,45.30162080930299
1594,85.47316319530765,44.32776989251835
1595,84.66751357893966,44.87615148962434
1596,85.25659137892508,44.45229443156151
1597,84.42345758528732,44.102293258902655
1598,84.55415032136715,45.38272376627674
1599,85.29136671236466,45.13928169280252
1600,84.49376448897911,44.71392498131184
1601,85.59881979379058,44.86107995543002
1602,84.94840199101886,44.936240838832525
1603,85.01127340946707,44.752311950761175
1604,84.04672821222076,44.944409863347516
1605,85.43534720243738,45.1397627685004
1606,84.53131798645609,45.29520829766425
1607,86.48947204126851,45.16906606485857
1608,84.75184845080113,44.79280414518099
1609,84.98581684040738,45.19054000668508
1610,84.88992930949728,45.30656666078381
1611,85.0887273463573,44.627200822160965
1612,85.80982336470329,45.50411562300165
1613,84.7091813907599,44.77611108076423
1614,84.48742449804672,45.24354900516959
1615,84.24481085997346,44.96607312798581
1616,85.26194996882684,44.931315507531814
1617,84.57095197527133,45.52611783685992
1618,85.45293277466408,45.196588704713385
1619,84.58170446195763,44.66436074920595
1620,85.32633217477498,44.696003115033555
1621,84.64539164257461,44.50616706159077
1622,84.42971123813828,44.959646665998065
1623,84.36376016103536,45.33566968830755
1624,84.61682660833728,44.95207855962847
1625,84.29916232951341,44.48256842392953
1626,84.64098092147115,44.68262258924591
1627,85.62968455010366,45.33811735008044
1628,84.91361932117677,45.79941767559971
1629,84.69042841615385,45.16260086283809
1630,84.61736507115043,45.508122382730505
1631,84.79501805351887,45.202923926071165
1632,85.21517773234547,45.04386384478258
1633,84.85290274398014,45.47780097837767
1634,84.60587797852936,44.64490869107809
1635,84.20545994084863,44.96400288937943
1636,84.78178188240845,45.353397066988
1637,84.5400941712053,45.39115254751519
1638,84.0088710294734,44.6305045280708
1639,85.23305318039232,44.191575439390434
1640,86.38406300401948,46.21375552228058
1641,85.21770924754703,45.455129161170916
1642,84.73810664716687,45.553085167290114
1643,85.1267399706948,45.51418526625089
1644,84.9046085643122,45.552067187449424
1645,84.53907219937142,43.94052640479517
1646,84.74475392260823,45.99200280272666
1647,86.01414853181002,45.01367072288733
1648,84.80097203529378,44.684398883120515
1649,85.06241044433547,45.77928660477787
1650,85.45577532953183,45.51295538674566
1651,85.35640799935719,45.289614711690156
1652,85.3599909833271,44.53575758489463
1653,85.04382189810649,44.94461185937555
1654,85.06317399553126,45.304408975366876
1655,85.00573036281295,45.65469137192746
1656,84.70857058132358,44.53997525305862
1657,84.89296154188409,45.23405918095799
1658,85.26207212338876,44.47668032931152
1659,84.88800149938079,44.85981488693731
1660,85.39823880780125,44.622011258352494
1661,85.29710684505709,44.84561848118942
1662,84.4734585427039,44.26195310903352
1663,85.42338241508392,45.0677595462505
1664,85.85120523970569,45.03684736833335
1665,85.33851028097803,45.11799967535985
1666,83.96901740067374,45.349634104370644
1667,84.06610297533493,45.013589928871
1668,85.39497223120044,44.82084322980302
1669,85.1027118192091,45.28813035869428
1670,85.09638726785892,44.70583368426479
1671,84.34086892562344,44.94756555581241
1672,84.10473857500223,45.38084202521534
1673,84.67234888159335,45.381184973983295
1674,85.40642914358965,45.24979266276361
1675,84.88923119677087,45.25050861688942
1676,84.79591415517397,45.13825475707068
1677,85.23376309975397,45.59742504118421
1678,83.73537681503862,44.41562822333264
1679,86.12790905809392,45.159351539520706
1680,84.70751768807487,45.40169447693337
1681,85.89137178457182,45.90704053994533
1682,83.90524247479485,45.51156914069016
1683,84.63743497096398,45.38035968389612
1684,85.58839739976342,44.92100788733115
1685,85.67081090880065,44.10434180652149
1686,84.70803479550189,45.1248063657863
1687,84.6362985053966,45.41049934611869
1688,84.95705886106978,45.62937849864578
1689,85.6617873075465,45.51411618726695
1690,85.66976946772931,45.53026219408161
1691,84.31031033936345,44.544287366129204
1692,83.8926897082899,45.806045488504665
1693,84.55761513086478,45.3368438629154
1694,84.7510945034248,46.17942362547695
1695,84.81446442559054,44.22858994298738
1696,84.77388541637673,45.24113440522862
1697,85.04885824182344,45.00230089255732
1698,85.92424106832637,44.990598358048906
1699,84.7008738030561,44.74834138707435
1700,84.98123542997936,45.98154375839551
1701,84.81791031745801,44.9263080827215
1702,85.02000129588157,44.70007079502984
1703,84.82770343768046,45.10096762614906
1704,85.02606337335604,44.15919460493452
1705,85.52758499955183,45.132601963354674
1706,86.37892619536485,45.221937637785224
1707,84.70273331235369,45.187694170840466
1708,84.18715888274282,45.243933548469926
1709,85.45502951175472,44.93721313324201
1710,85.6034526035071,45.739559973730216
1711,84.95195353926974,44.78828057024326
1712,85.48791805341149,45.336064362903734
1713,85.42609140181627,45.392889177736976
1714,85.0828552713345,45.31728354513671
1715,83.87644214585664,44.98476624420194
1716,84.23313676575933,45.40305091709651
1717,85.72288141347401,45.31124137224832
1718,84.74618281796889,45.74929821422954
1719,85.41759918697058,44.71463237146192
1720,85.6374378925412,45.4948167517668
1721,85.17317509495294,44.93532493504839
1722,85.47966863078479,45.965143782078435
1723,84.55573230753787,45.97305378913492
1724,85.09994228241365,45.033434074446596
1725,85.93229226482376,44.79535255098378
1726,85.188612685757,45.23249159381995
1727,84.73922954192687,45.725359024304964
1728,84.19474878942783,44.869765244114426
1729,85.56810749037201,43.74455063278793
1730,84.62493687132579,45.43596096596583
1731,85.06901908277733,45.15811129886007
1732,84.78892420806159,44.692210672636755
1733,84.42556070887693,45.55312503714705
1734,85.65851595361738,45.9289532943898
1735,85.9744683708999,43.85458378974422
1736,85.26701563010015,45.51817985829655
1737,85.18097915870052,44.996325452558686
1738,84.60967424390063,44.972138853786895
1739,85.15572470953488,46.34990764731941
1740,85.32554520017995,46.05268637852974
1741,85.81536179279666,45.70986113966843
1742,85.06597245455336,45.02813588879901
1743,85.93287402138654,44.46974576550323
1744,84.95726648553648,44.994966598316445
1745,84.60094198346152,44.19045214859518
1746,84.79844194609412,44.3182365232834
1747,84.81600999990735,43.90277690540891
1748,84.79254180289075,44.933157014339585
1749,85.08225583297747,44.62178090955699
1750,84.77712119500913,44.74517414343226
1751,85.8696032871757,45.780417925458536
1752,84.60368643466686,45.684440241171345
1753,84.50096735552495,45.76026547886915
1754,84.61573313327148,45.26091360572338
1755,85.25606547281575,44.49616525729518
1756,84.17872764381383,44.68979265553893
1757,84.29869995536629,45.7475539410251
1758,84.64156971905703,45.11523473752837
1759,85.4098526558494,45.083605698147714
1760,85.28206577892334,44.88634702649838
1761,85.29377867562113,45.51902025155858
1762,84.69250374229702,44.45599684386897
1763,85.35293244590812,45.25733487575045
1764,85.60613412042017,44.89791849137704
1765,85.24816420650473,44.835360113633165
1766,86.08495494111646,45.10060963899266
1767,84.89066487757093,44.741808197926616
1768,86.09176311714381,44.747615024508626
1769,84.8713439073791,44.866647418636354
1770,84.73901335098441,45.27722811835673
1771,85.9874409353269,46.508189139800805
1772,84.72301839942699,44.31159646464455
1773,85.40366461252985,44.96752012177833
1774,84.96229838151719,44.674407479630965
1775,85.0230238965263,44.94155479836326
1776,86.24715972483651,45.124760850911194
1777,84.31997649816184,44.325704222051534
1778,85.06031286801496,44.40733862773288
1779,85.3935299138127,45.53198341699733
1780,84.50171537922994,45.18909312687631
1781,85.44551602060419,45.05005282754542
1782,86.08728205634833,45.1577960174534
1783,84.59701127223865,44.67049697684078
1784,84.23452215312378,45.69411418549359
1785,84.7526035010347,45.030405126891964
1786,84.69570531486477,44.77761700987608
1787,84.50311517417028,45.14172282678392
1788,83.60389382519602,44.767185259721806
1789,84.91316911674751,44.59988571095754
1790,85.35263373889362,45.420361836499254
1791,84.76242144236684,44.657373036769776
1792,84.95907938630519,45.16473019262952
1793,84.77814236694242,44.18262121556114
1794,85.04853295728478,45.59487613257661
1795,84.35994109600067,44.87110434160333
1796,85.6350406416464,44.23965960257578
1797,84.42948088648735,45.613993058967566
1798,84.54495818316495,44.97782955210681
1799,85.54284835950395,45.237394115284836
1800,84.92165903342686,44.50326625916589
1801,85.0006950339044,45.33531293505777
1802,84.50103828665095,44.7547123243643
1803,85.55822725427166,45.08037460010348
1804,85.88587827522731,44.2281278934685
1805,84.82589497551108,45.383460164370796
1806,85.54685846516436,44.61193811381102
1807,84.21052216824131,44.95236756809056
1808,85.83776253196174,45.16964437525996
1809,84.85209272312237,45.09179334056856
1810,84.5134109413122,43.916961714245026
1811,84.64624358808933,45.400860209319845
1812,85.5436403211867,44.78727078800054
1813,85.18171174048385,44.92807678140243
1814,85.11646993195392,45.75421225047011
1815,85.5178528295141,44.921426174034956
1816,84.90227390474644,44.80040286510992
1817,85.30414225647718,44.165080439872504
1818,83.81528582479298,44.742221981469015
1819,85.31450813570943,43.98510312905011
1820,84.99544956198808,44.47210473407797
1821,85.4264904376685,45.554752555076114
1822,85.02194982587478,45.46483104773332
1823,83.74458853851203,45.26219947928807
1824,85.53446068205395,45.55633474432646
1825,84.98812511618647,45.942085421390395
1826,85.02692917197659,44.84351487482071
1827,84.51427292001958,44.87773190611177
1828,84.83646987346373,45.22918820731434
1829,84.56372227244594,44.63836042441091
1830,84.92953179966742,44.879858681827976
1831,85.59526668222729,45.371422342738654
1832,84.84581897213597,45.376303592490885
1833,85.01350434640999,44.23754303896559
1834,84.63478060062259,44.43017625053785
1835,85.19143839451463,45.83023468246543
1836,85.20468380438774,44.58317907046
1837,84.93763375124715,45.78200518017516
1838,85.515989035712,44.57231481750756
1839,84.84367123364014,45.084040868648145
1840,84.53470433896358,45.63046756528059
1841,84.08626822936978,44.71059336988327
1842,84.78823716029544,45.03323575490476
1843,85.81697249641432,44.900178265209085
1844,85.69440901962366,44.97065826922613
1845,83.62331416687887,44.811046231625156
1846,84.7546984037893,45.754620821159676
1847,85.15107352513665,44.610926093176126
1848,85.21971265707322,45.14853953692544
1849,85.06820676625367,45.634652302775955
1850,86.07664404034573,43.9598826202212
1851,84.48601801773404,45.10583742282293
1852,85.15631654983619,44.91603914712061
1853,85.05088822985827,45.6493472970964
1854,84.9136796609494,45.5843618324651
1855,84.05050518297999,44.634584608478875
1856,85.00828242298194,45.88471279531841
1857,84.89988026215075,45.6540541146141
1858,85.24959087615406,44.61148311471632
1859,85.90808102889878,44.969064782827886
1860,85.4490755631469,45.47254196135185
1861,85.33187337688544,44.940141243369915
1862,84.48146277821121,45.37863380053146
1863,85.24018052974193,45.28440415977983
1864,85.68539666824121,44.74231178327868
1865,84.70987907632612,45.05283513052537
1866,84.92351981416772,45.123884375357726
1867,84.44031754636036,45.46678069893394
1868,84.62011634536631,45.268359777662134
1869,85.18734289737051,45.434214674168075
1870,85.29453449047124,45.1592818467651
1871,84.2549482843856,45.02121548034787
1872,84.70519269851115,45.154678539845456
1873,84.81099557436443,45.05018483703567
1874,84.98544177361016,45.541361609399374
1875,85.21044688257082,44.65863282073327
1876,85.47385161743462,45.475902335663164
1877,85.03152782276537,45.00228558349839
1878,84.95767822990295,44.92070838060127
1879,85.11754060183637,44.76224707038222
1880,83.97006654772078,44.13420291140646
1881,85.32464087234315,44.96956133432557
1882,84.79955815602726,44.67683076102902
1883,86.06493689354498,44.42048325489914
1884,85.32598590875779,45.85999499468252
1885,85.42192047359482,45.24019167059052
1886,85.52946542809784,43.28829391290727
1887,84.14098147295422,44.70486904370975
1888,85.27899027560645,45.272650893381474
1889,84.31539681685976,44.5740737071586
1890,85.03933678417012,44.59935284806656
1891,84.05978315310324,44.69856320331518
1892,86.56753709070135,44.585690998085575
1893,85.3374711654847,44.00539347998566
1894,84.80675280922897,45.13540511061117
1895,84.27894892650782,45.12924565671461
1896,84.72840297513045,45.022256620154096
1897,84.88387702171202,45.20820255777288
1898,84.0969367417636,45.296056855966036
1899,85.3730469569148,43.91386653690107
1900,84.45225237197685,45.38264400793048
1901,83.9223232090344,45.28214995911596
1902,85.5617491250637,44.863784677000616
1903,85.69186239013848,45.4881250453817
1904,84.89057317038767,45.79602415317602
1905,85.57115845690105,45.48405376017485
1906,84.70887509719978,44.2372688286128
1907,84.27912856388926,45.525038066599144
1908,85.18002911333728,44.614654536803855
1909,84.80070135322904,45.457333920024006
1910,85.01065275191719,45.31943133562156
1911,84.84817014359636,44.78089461439663
1912,85.08593965282438,45.28794026038807
1913,84.80160824227053,45.163429535208074
1914,85.13432301995319,45.59564469802842
1915,85.06091652563035,44.969714833043824
1916,85.13879791156695,44.0468595923613
1917,84.62163782666167,45.254122002052284
1918,84.82739181095548,44.54475362044958
1919,85.14778102218638,45.02186107940524
1920,85.234442052285,45.29425745339992
1921,85.45554280480026,45.83879534883081
1922,85.75675418246873,45.12521278709448
1923,83.95307655388194,45.12086102485107
1924,85.11399528548452,45.63579784079367
1925,84.62996276740076,45.18738418397859
1926,85.27122957489713,44.95001602297859
1927,84.90907001929206,44.876042846436754
1928,84.71299116768688,44.9322585259293
1929,84.50518074346259,44.94552912460082
1930,85.12228096217818,45.58059448494971
1931,84.68698837156728,45.59964017927822
1932,84.64149926734464,44.63063389952085
1933,85.52809979473301,45.09113965931606
1934,84.97511973534314,44.5662418649065
1935,84.54554138578288,45.00111285859743
1936,85.19569860676842,45.52153111541422
1937,85.25052260013257,44.834212039033766
1938,85.71723640969402,45.13708982787779
1939,84.91714303844883,43.96057767854933
1940,85.66858795120358,45.231789290681895
1941,85.8631630136923,45.82527324735224
1942,85.27286931116294,45.19803693961859
1943,85.32236275186705,45.16686669723975
1944,85.75092832721849,44.447943440078056
1945,84.47998098014168,44.18171254913371
1946,84.78808378583925,45.40621923142012
1947,85.2866051915527,45.5746380443632
1948,85.54569636148283,44.40835354072951
1949,84.97410061211492,44.62345215336304
1950,84.48189982365402,43.750019708584986
1951,85.6385639327675,45.46145162341946
1952,84.77443036137609,44.013781833737184
1953,85.45378290520677,44.6623421938022
1954,85.75397370213564,45.5245056472083
1955,84.78273857020662,44.26622559645854
1956,84.88429429513329,44.01890594078749
1957,85.44359219262499,45.684090265596915
1958,85.67030298751092,45.16522378107146
1959,85.37569934708239,45.812350644377766
1960,84.98051727557694,44.49771188322308
1961,84.99225578007419,46.00912456982551
1962,83.66138256325183,45.58180155663431
1963,84.59223809192078,44.990443454900756
1964,84.78968890275597,45.3125751866189
1965,84.67226864176773,44.48286703701452
1966,85.4195043013649,44.98372799589706
1967,85.13249386294949,44.86895990038586
1968,84.6122517386491,44.398234625482246
1969,84.39811784595952,45.3816499778477
1970,83.91259480677198,45.86356540921113
1971,84.69764947371814,44.897852386667914
1972,84.86792470751365,45.688507833891315
1973,84.94891077933397,44.944548587011845
1974,85.26525215783741,44.78599617632735
1975,84.89093115146231,44.71622560286292
1976,85.02233812266715,45.55564146564889
1977,85.18014593689806,44.589718877026584
1978,85.10168216046543,44.51649972825387
1979,85.50755229991739,45.222390303912505
1980,85.09229129960083,45.34115481474277
1981,85.11534462530854,44.93629468836205
1982,83.87200752673958,44.68758463331303
1983,84.90460804141254,45.07900185655737
1984,85.46184308540732,45.54539080591186
1985,84.97751909528479,45.17311298194449
1986,84.88513834374372,44.75598599896856
1987,85.74952050043079,44.7843913589024
1988,84.64836976671027,45.68935746501803
1989,84.65159701020038,45.25356708214453
1990,84.44930655692032,44.515006847031934
1991,85.55818475769433,44.54704957366
1992,84.31960774842057,44.85544255034042
1993,84.54491018812733,45.41342970364865
1994,84.8107900987427,45.055098022541635
1995,85.10553895884024,45.341412443773436
1996,85.36784509040146,45.00225556557187
1997,85.04624008351014,45.417537077271604
1998,84.96496255176953,44.82286169431065
1999,84.9669771499365,45.191358263066896
2000,84.90306623801463,44.45877152150097
2001,84.84814050422708,45.2751581886585
2002,85.02099993094849,44.27618675641552
2003,84.34360216055164,45.71317316821082
2004,84.53669250749093,44.590358918876596
2005,84.94350121769111,46.39420626338364
2006,84.51967491734084,44.309967590691336
2007,84.67412837489505,45.16070848583234
2008,84.44097073936406,45.96265774402054
2009,84.55544096204822,44.986687065497414
2010,85.04030676119896,45.608080506168214
2011,86.15787950755733,45.12292111790163
2012,85.33277514293583,45.37692596407024
2013,84.52951251889812,45.295082098662824
2014,85.7857866730576,44.92839341504718
2015,84.99861996303835,44.627166933172944
2016,84.40568629598894,44.82017320328758
2017,84.89023353190991,45.14794415178747
2018,86.33011279177006,45.32718399121035
2019,85.67211184785978,45.01623382777239
2020,85.41668987576483,44.98587419410436
2021,85.59724579464547,44.238096099392095
2022,84.59903619624981,44.76804329696567
2023,83.71578286691778,44.58061740654303
2024,84.2133634205733,45.11528165820679
2025,84.56772914087495,44.00847651654563
2026,85.53685382192499,46.15276158806837
2027,84.39616798564423,44.98022076073408
2028,85.26207159351935,44.50999374075275
2029,84.37214868240993,45.18003288933542
2030,85.57758119598672,44.8831608349657
2031,85.23921928446089,45.03790996904699
2032,84.90249140934257,45.01260255410634
2033,85.2413652105282,43.6503413978885
2034,83.92293081232104,44.211676556213845
2035,84.37732136061784,46.33076735311217
2036,85.31143102581537,44.701006579747016
2037,84.59735738521745,45.27288591340343
2038,85.65483160676666,44.966487601722854
2039,84.97870983353752,45.023499996795756
2040,85.47661429121582,44.78531535959049
2041,85.27522197679903,44.979628986160385
2042,84.70682668713762,44.22573255516274
2043,84.88641740580519,44.84848733742206
2044,84.7544594366821,45.30139492450008
2045,84.43370087301652,44.47848355379254
2046,85.73243153031302,44.362504134122275
2047,84.98493904209714,45.12484994375823
2048,84.42737076152308,44.44539276658983
2049,84.84014382353651,45.97640291612296
2050,85.3050554123916,45.12969908874741
2051,85.93480050507613,44.643010381135255
2052,84.63938546448703,45.152261627548995
2053,85.55312946724209,45.08830721757979
2054,84.81138526216654,45.333059672000466
2055,85.38498999810813,45.40228121122056
2056,84.96065567662005,45.45879451549919
2057,84.86526560664423,44.951408059836
2058,84.54033454352337,44.8516864753032
2059,85.8759076706342,45.54620644419666
2060,85.28458789577319,44.847801198624595
2061,85.16481224060514,45.066359833554365
2062,84.8483573989795,44.83987379647649
2063,85.07819117740772,44.2080067671531
2064,84.86351146260631,45.709725556670676
2065,85.24738403059756,45.22839102939966
2066,84.73443633550684,45.182067851419696
2067,85.86282155166832,45.17612147777617
2068,83.74484880468484,44.7956918566541
2069,84.30772607064216,45.3481804168977
2070,84.93334797680387,44.72384168991255
2071,85.61297602337432,45.13653502955575
2072,83.58676775609743,45.23094714605238
2073,85.18068840889454,45.321480744926795
2074,85.60105703738519,44.258743595234776
2075,84.84574026416767,44.50734716029446
2076,85.61898812289934,44.35245600865118
2077,85.1562813424517,45.10496263451322
2078,85.56101954641387,45.32292152763016
2079,84.07600238195278,45.14552977668962
2080,85.42815216908765,45.49877726209534
2081,84.98119747273483,44.44021546872014
2082,85.06230032059561,44.48602331034168
2083,85.45853101904089,44.107411354678
2084,85.07968028248997,45.673158603330904
2085,85.0009107530682,45.762727984624995
2086,85.51729148305333,45.22318968674094
2087,84.99174287914717,44.76996943794749
2088,84.70762828741843,44.603232600938355
2089,85.5975218907061,44.91813889592622
2090,84.75168323019246,45.221791506143454
2091,83.86121239226313,45.87129447381139
2092,85.43946490709786,44.422209829227484
2093,85.200625136569,45.39562969217531
2094,84.62571825094469,45.02930293116484
2095,84.78945881660708,45.38513176917339
2096,85.64107313846608,44.63467993153583
2097,85.24329681053464,45.61302585774075
2098,84.89985803922525,44.86932494288497
2099,84.44800794686556,44.43701407835722
2100,85.09575376502752,43.97577439671237
2101,84.0434189635649,46.081471092803525
2102,84.40380851686841,45.15388051540187
2103,85.66781117921286,45.684436114210875
2104,85.11882927211187,44.25388140296713
2105,84.40091370910586,44.79207905950846
2106,85.38593536113987,45.0534294273144
2107,85.14382557462588,44.61411659105887
2108,85.46945252976667,45.62035636089415
2109,85.91896936968449,45.57606073063193
2110,85.49198160588497,46.489154242355646
2111,84.69072467841059,44.49211231131284
2112,84.77574275235888,44.421956826960496
2113,84.88803470347077,44.50496834476797
2114,85.85431589126857,44.3082380560645
2115,85.12672642583418,44.888667124652
2116,85.3042422709651,45.18237245619065
2117,84.13008104965303,45.921807873720226
2118,84.47749489071325,45.727637525783486
2119,85.0539949658263,44.80297777999216
2120,85.31924251666653,45.21706753046552
2121,84.09844307092504,44.129390910904206
2122,84.3404399818181,45.848267177951215
2123,85.176964205493,45.467574210292646
2124,84.9194755506076,45.5271532781889
2125,84.75435374540324,45.04313097180988
2126,84.99678649176965,44.05623976144046
2127,85.03366129384467,45.5540068757384
2128,85.21659435650568,44.706390919197645
2129,85.69310514444878,45.01568737998108
2130,85.63493178837501,45.41367836615479
2131,85.65549769726401,44.387076587025376
2132,85.05693346546997,44.77907833687152
2133,84.59896551655783,45.481489345041595
2134,84.81952892326458,45.08199806289735
2135,84.84002683408325,45.68400397000806
2136,84.98977487823021,44.478287793973465
2137,85.88211984912756,44.73988271946184
2138,84.07887925697003,46.074056040417595
2139,85.09797723191994,44.7806787541534
2140,85.22463264462314,44.22835338927403
2141,84.22542918812056,43.7926246351677
2142,84.24441275296566,45.24287670331678
2143,85.05619567073832,44.31090429484379
2144,84.74021198776701,44.33117146857258
2145,84.38284477757975,44.50674944541677
2146,84.44173068351584,45.21382794274659
2147,84.71247138638026,45.27346545550261
2148,85.2211513832707,44.642505240390506
2149,85.25830000947441,44.4211140671772
2150,84.76479688265137,45.07877714534385
2151,85.43047788923535,44.25490968395464
2152,85.74910594849457,44.91463103471617
2153,84.74702791199388,45.41532679366937
2154,85.33306093246556,45.63054340615916
2155,85.20286105646018,45.09816546549848
2156,84.85403427825554,45.3848035447689
2157,84.51753719740682,44.958994525945876
2158,85.02096101938872,45.118204487369546
2159,85.34244201921544,44.603297637140834
2160,84.56551787178648,44.973511363287216
2161,84.3872445017098,44.42206757967967
2162,84.9078783803908,45.274787952489824
2163,85.35634747192738,44.42515586340845
2164,85.46691652474183,45.17615051188363
2165,85.14437591937904,44.95977246584064
2166,84.5185515175473,44.982664949895806
2167,84.85090045560658,45.42488150744987
2168,84.87509142304087,44.6129099573266
2169,84.74583115509387,45.67121638702504
2170,83.82044866631156,45.13233890611299
2171,85.62820289113822,44.39664146919473
2172,85.41907703229202,44.76749835531284
2173,84.5896169125716,45.06072652462053
2174,85.96095843979545,44.59000048378583
2175,85.21429437862317,44.8127927766664
2176,85.63521193227864,44.55589221743361
2177,85.24794747877408,45.10421090498036
2178,84.41969207014337,45.09169244137932
2179,84.89247119019947,44.05719290031019
2180,84.83001524971247,45.07046110701619
2181,85.58664372554973,45.523947969392374
2182,84.90673066084457,45.12898920212678
2183,84.27224920997789,44.95304433208949
2184,84.7409008923457,45.56725786922762
2185,85.51228646683808,44.82651211753152
2186,85.44804803983239,44.690681013737894
2187,85.51884887408328,44.363144109110166
2188,84.79744889660178,44.43517485990742
2189,85.02157841129953,44.701457643320744
2190,84.99315698274589,45.51642536874836
2191,84.1170343843486,44.57699582006959
2192,84.95264487878121,44.19619996883388
2193,85.21550415192101,44.666755975397315
2194,85.28531118269348,44.59532786313122
2195,84.2193237532276,45.3519979488134
2196,85.0407788676113,45.17313442200326
2197,84.91051832108874,44.944759650939055
2198,85.04544829017968,45.23456791611724
2199,84.69677883504255,44.324505230105245
2200,84.5578689639091,44.99607721195439
2201,85.04269520123337,44.03807726022095
2202,84.87235892095389,45.589860160135444
2203,85.26468151195219,44.68156788006354
2204,84.13028973293335,45.32199535000424
2205,85.22580023231887,44.915254370392205
2206,84.73335279266585,45.399704388959485
2207,84.56765145262845,45.16627829428183
2208,85.32245267294569,45.04740988506377
2209,84.88512496820829,45.10581533326476
2210,85.29054013481027,45.44599037818214
2211,84.89926539811414,45.122965252463096
2212,85.33941886766202,46.15080556304834
2213,84.83372623229404,45.591719861981176
2214,85.10296001309388,44.6049874973698
2215,85.78974055318707,44.98705576553616
2216,84.54817150211848,45.46348613828393
2217,85.7062416581226,44.85146803096634
2218,85.55969905029824,45.677176469032666
2219,84.74608788208823,44.80692195823208
2220,85.73251997104626,44.63408617523203
2221,85.416599315607,44.25671038305599
2222,85.0748023351075,44.85942511490119
2223,84.36448497717241,44.921617865107166
2224,83.95125555002453,44.603850805629996
2225,85.36765853684281,45.65910018003556
2226,83.58770124839228,45.36962108130087
2227,84.48626677183981,44.80657461581334
2228,85.7972688108476,45.07398595365165
2229,84.83444860916302,44.90437727108981
2230,84.79486487347424,44.82955920370204
2231,85.34161247176766,45.3099307147177
2232,84.6470307598711,44.98811040510066
2233,85.3874013959509,44.81523258786141
2234,84.75816729956951,44.755368256248445
2235,85.01218023462609,44.858193767251706
2236,85.51629351796383,45.70510774078477
2237,85.61568586179828,44.38877102496012
2238,85.34091852182536,45.68791336979714
2239,85.79986028526623,45.22981735271803
2240,84.58228497049468,44.506486398423135
2241,85.40281013944058,44.225110793389604
2242,85.53075040011443,44.67767816875433
2243,84.68069764708773,44.75947638449415
2244,84.94829234137167,45.79786165526935
2245,84.75952306735057,44.5438928594492
2246,84.98851583237666,44.70047125458553
2247,85.36700815056754,45.61071996564722
2248,84.56187295062124,45.66497153304396
2249,84.80315183898306,45.128801054526484
2250,84.27368499759513,45.30309187815428
2251,85.2416786153095,45.52741536294842
2252,85.28290373698067,44.15917680959577
2253,85.61349110047948,44.882755932508175
2254,84.89171736314316,45.050942233639276
2255,84.97453067666977,44.79961630275713
2256,84.3114156593819,44.99086763436212
2257,85.18974649568075,43.64990920250502
2258,84.55831330132952,44.60213219500133
2259,85.18210601928084,45.35513518536803
2260,84.24138318981304,46.09851902553354
2261,85.57555610651752,44.770124853408525
2262,85.62603285869123,44.54693768974149
2263,84.72128777286272,45.29252118355167
2264,84.53052157893839,45.54073327404273
2265,84.50187315840391,44.76975985717683
2266,85.2499625101763,44.64730481419333
2267,85.06980047529963,45.03161453734046
2268,84.84261507354479,45.70680065199534
2269,85.30198284698331,45.19675863386925
2270,85.24198623223491,45.53972722552494
2271,84.91562216077531,45.35966147895179
2272,85.52573566809816,45.56108960181793
2273,85.37803301826453,46.0333416731516
2274,84.81929687488493,44.81816382634278
2275,84.757361312478,44.594202553190975
2276,85.39698504780303,44.665526505245936
2277,85.46163142832604,44.81340566266317
2278,84.34572723876575,44.94153597041072
2279,84.99266524396661,44.75201924116924
2280,84.9978801683487,45.568279502518656
2281,84.81795499584632,45.16563121132707
2282,85.56357391687995,45.40725316106606
2283,84.66497669762921,45.13038781680313
2284,84.96130646224483,44.5626823290896
2285,84.57801458069402,45.12548194425557
2286,85.02541133766596,45.190658640183614
2287,85.1593263059554,45.51670908267932
2288,84.86786623013057,46.08887258025947
2289,84.75074366832818,44.59313295746806
2290,85.83247394211207,45.06621898893214
2291,85.09459481288654,44.71103652851136
2292,84.7897573878531,45.02656882199056
2293,84.64302417876713,44.45361943008911
2294,85.34698131068433,44.45849281002692
2295,85.00772514241197,44.8281565703059
2296,85.03896202601923,45.78642059282987
2297,85.28968513138523,44.9631968903055
2298,84.17899184520907,44.34385910052979
2299,85.36876262854474,44.70683034301597
2300,85.01188087826033,45.2754119291156
2301,84.95178549841847,45.12154880418039
2302,84.63205857172044,44.80545626901945
2303,84.37493232098453,44.42638849101608
2304,85.0095216524357,44.70357679879128
2305,84.49264217088592,44.498859233856365
2306,85.18277681459627,45.05960194031269
2307,83.9550882550489,45.87031883736508
2308,85.28585807386985,44.66158765638984
2309,84.86773499075454,44.33521297136598
2310,83.01860169587755,44.454049596021946
2311,86.69089229089211,44.97549645398356
2312,84.85855375678481,44.87705652912129
2313,84.78806623812537,45.04619147788399
2314,85.27030078914537,44.76237134286485
2315,84.76334967851993,45.16356665626738
2316,85.1300434317558,44.28193968896327
2317,84.89964998781112,44.75270114535973
2318,84.93770516878489,45.97242810341079
2319,84.37367740844229,45.440130328947866
2320,85.82076260428259,45.91986568255707
2321,83.99496166528564,45.400039616949385
2322,85.87976893895507,45.07746506143654
2323,85.63918038347036,45.45370843927992
2324,85.32085778732164,45.134824320538854
2325,84.05078620104106,45.53800263371134
2326,83.7668232076877,45.305302367496374
2327,85.245410220737,44.751939464882454
2328,84.44261185266707,44.781685102337335
2329,85.42527126998696,45.44220610894652
2330,85.47681397238719,45.173912804111765
2331,85.36883594400199,45.79179231952371
2332,84.64589341315181,44.8953114773133
2333,85.03865073686386,46.323054214860335
2334,84.7886901734648,44.861662590429525
2335,85.18034152836225,44.47274848533923
2336,85.83322501715385,45.36249598011302
2337,85.04604867632372,45.549584244759316
2338,85.57485172078593,45.61399317391127
2339,85.30513519571771,45.33553715340627
2340,85.98011321682027,45.7904853213135
2341,85.46059706679958,44.85450658410847
2342,85.41865044904031,45.56333585589145
2343,85.16473738670803,45.287719280796736
2344,85.89683615528871,44.69763540971174
2345,84.66731584810772,45.230142839914755
2346,85.1252119796197,45.43086736298705
2347,84.63062134952115,46.16478561885797
2348,84.42588876108937,44.8188276735109
2349,85.48944674823265,43.75918532849902
2350,84.81611256546255,44.7968711704877
2351,84.56198830322735,44.69939552754282
2352,85.237557288405,45.04335593730714
2353,85.19021274570146,44.809745576968076
2354,86.1592924943831,44.83374213734621
2355,84.4175375843652,44.80847963677863
2356,84.25854796885598,44.352794988142136
2357,84.54974194091491,45.31923530840954
2358,84.81487323241278,45.73757021238305
2359,85.18537318415306,45.38975493059731
2360,84.51639651894052,44.814179098180226
2361,84.64488238059786,44.64427649949379
2362,84.25828403173576,44.73648222596645
2363,84.58224154652515,44.88411777574087
2364,85.1915104762456,44.656867806853356
2365,85.70927499143218,44.76405822440778
2366,84.5459124795608,44.58985760565112
2367,84.46080090799477,44.42222174988732
2368,85.09840901336696,45.38461436275724
2369,85.26882863843787,45.28284761653224
2370,85.17586920805425,44.46667423659091
2371,84.96228405851079,45.88787739206631
2372,85.13895835253962,44.781764700236494
2373,85.49363534700666,45.14006664024851
2374,85.25309940617372,44.53400006287264
2375,85.52314971862447,45.47033896323521
2376,85.03494310337533,45.68326940984427
2377,85.18946353567009,44.20636924229502
2378,85.0311837930783,44.52160729859471
2379,84.85391744349295,44.50434019435338
2380,84.65763897395311,44.89014140054591
2381,85.79163737110082,45.13171226205902
2382,85.11451592131192,44.827636410911936
2383,84.68979154341115,44.916582543888396
2384,85.23753895154074,45.54897809355881
2385,84.4704905384678,45.69044966723299
2386,85.31116730594589,45.96359724593297
2387,83.9908315691313,44.223286136412696
2388,85.75141109573232,44.844725165235694
2389,85.65174028519026,45.15369591594501
2390,84.64948434572938,45.510219528624106
2391,84.75172682036444,44.41752824202006
2392,85.48268126369175,43.58031172431572
2393,84.99872662374969,44.351473544993574
2394,85.94059787418345,44.68771147837657
2395,84.16821029079138,44.810097366466614
2396,84.79501761759852,44.72367895208792
2397,84.8938354203602,45.365414832264875
2398,85.40556316849236,45.695334369779175
2399,85.56889840925594,45.74791733278034
2400,85.35335708754565,44.52060566855089
