seed,total_steps,final_mars_dist_km,min_mars_dist_km,min_dist_step,final_mass_kg,fuel_consumed_kg,final_rel_vel_km_s,total_reward,missed_thrust_steps,is_intercepted,failure_reason,convergence_step,init_pos_x,init_pos_y,init_pos_z,init_vel_x,init_vel_y,init_vel_z,scenario
42,2799,212288796.65977842,101413942.81973086,23,1648.0,1099.0,21.534414839990067,-21235.93992822311,0,False,fuel exhausted,23,-127761765.999,67742862.352,29378238.56,-15.4827348,-23.69526119,-10.27023734,deterministic
43,2799,212288796.65977842,101413942.81973086,23,1648.0,1099.0,21.534414839990067,-21235.93992822311,0,False,fuel exhausted,23,-127761765.999,67742862.352,29378238.56,-15.4827348,-23.69526119,-10.27023734,deterministic
44,2799,212288796.65977842,101413942.81973086,23,1648.0,1099.0,21.534414839990067,-21235.93992822311,0,False,fuel exhausted,23,-127761765.999,67742862.352,29378238.56,-15.4827348,-23.69526119,-10.27023734,deterministic
45,2799,212288796.65977842,101413942.81973086,23,1648.0,1099.0,21.534414839990067,-21235.93992822311,0,False,fuel exhausted,23,-127761765.999,67742862.352,29378238.56,-15.4827348,-23.69526119,-10.27023734,deterministic
46,2799,212288796.65977842,101413942.81973086,23,1648.0,1099.0,21.534414839990067,-21235.93992822311,0,False,fuel exhausted,23,-127761765.999,67742862.352,29378238.56,-15.4827348,-23.69526119,-10.27023734,deterministic
47,2799,212288796.65977842,101413942.81973086,23,1648.0,1099.0,21.534414839990067,-21235.93992822311,0,False,fuel exhausted,23,-127761765.999,67742862.352,29378238.56,-15.4827348,-23.69526119,-10.27023734,deterministic
48,2799,212288796.65977842,101413942.81973086,23,1648.0,1099.0,21.534414839990067,-21235.93992822311,0,False,fuel exhausted,23,-127761765.999,67742862.352,29378238.56,-15.4827348,-23.69526119,-10.27023734,deterministic
49,2799,212288796.65977842,101413942.81973086,23,1648.0,1099.0,21.534414839990067,-21235.93992822311,0,False,fuel exhausted,23,-127761765.999,67742862.352,29378238.56,-15.4827348,-23.69526119,-10.27023734,deterministic
50,2799,212288796.65977842,101413942.81973086,23,1648.0,1099.0,21.534414839990067,-21235.93992822311,0,False,fuel exhausted,23,-127761765.999,67742862.352,29378238.56,-15.4827348,-23.69526119,-10.27023734,deterministic
51,2799,212288796.65977842,101413942.81973086,23,1648.0,1099.0,21.534414839990067,-21235.93992822311,0,False,fuel exhausted,23,-127761765.999,67742862.352,29378238.56,-15.4827348,-23.69526119,-10.27023734,deterministic
42,11040,369630729.3617283,101414086.56792377,23,2159.5715606988274,587.6841201075072,52.52599130472537,-5955.142175101313,23,False,time expired without intercept,23,-127761750.76314601,67742810.35279469,29378276.08255979,-15.481794235283608,-23.697212225188654,-10.271539519506861,mild
43,11040,369935103.71280235,101413893.16345553,23,2159.8622883348085,587.1710262663437,52.53831456276047,-5771.012275209379,26,False,time expired without intercept,23,-127761753.78752467,67742896.260916,29378209.283530932,-15.483643473123125,-23.697253028211122,-10.269265717018014,mild
44,11040,369613126.51914877,101413974.73218611,23,2158.8327981698303,587.4088606627283,52.56034098727901,-5800.053390298571,30,False,time expired without intercept,23,-127761693.70086335,67742867.46725698,29378254.897638887,-15.481598337605357,-23.694436946064233,-10.269658383489555,mild
45,11040,369726769.760828,101413953.40118964,23,2161.608244833928,586.4550912421732,52.55405541317275,-5805.254853100936,27,False,time expired without intercept,23,-127761788.89226031,67742831.20906588,29378245.32450132,-15.481890897406192,-23.695409688688155,-10.269974856218143,mild
46,11040,369715445.03994757,101413989.75210528,23,2159.9023243764123,587.0511300595958,52.54679984780343,-5892.626890425426,26,False,time expired without intercept,23,-127761791.144795,67742923.24652185,29378225.00402965,-15.482004616676027,-23.696430495516996,-10.271666806899535,mild
47,11040,369451080.9079769,101413830.75637093,23,2158.7778456048495,586.7539492411579,52.53975729102931,-5929.326490247144,55,False,time expired without intercept,23,-127761799.320847,67742867.22454828,29378143.57765856,-15.484674869758804,-23.6966717091377,-10.271037928720983,mild
48,11040,369799706.80380845,101413947.8311594,23,2164.0300781005435,584.6908217730875,52.565931884467716,-5735.699032452705,55,False,time expired without intercept,23,-127761781.3802613,67742929.83156326,29378248.20132728,-15.481328242038682,-23.695098983987005,-10.271255952721496,mild
49,11040,369525015.07382464,101413796.68984555,23,2158.090347306997,587.7336432320271,52.53040580892686,-5987.526371836688,32,False,time expired without intercept,23,-127761737.46619932,67742931.4824071,29378250.5026879,-15.48425416623485,-23.6951410265767,-10.270128299148192,mild
50,11040,369729570.7525836,101413727.12593901,23,2161.7240113176363,586.3446864029138,52.5523218128362,-5754.879607031872,39,False,time expired without intercept,23,-127761741.6799298,67742838.48240107,29378272.02698098,-15.484122094544592,-23.69359530157034,-10.270428271517202,mild
51,11040,369544252.883761,101414002.12946117,23,2157.928341152985,587.4741886347715,52.53189551802081,-5944.313041082358,45,False,time expired without intercept,23,-127761794.75454152,67742831.24703416,29378242.57273976,-15.481482327650287,-23.695585086621474,-10.27133898375676,mild
42,11040,369711059.15806234,101414832.38904375,23,2204.0341920084566,543.6050100073799,52.64432639297225,-5338.00885222054,848,False,time expired without intercept,23,-127761689.81973006,67742602.35597344,29378426.17279895,-15.478031976418043,-23.70501636594327,-10.276748237534312,zavoli-federici
43,11040,369216927.6425545,101413872.02183673,23,2186.614480304371,560.4688061985089,52.586109606094254,-5601.377372588581,485,False,time expired without intercept,23,-127761704.94162333,67743031.89658001,29378092.17765466,-15.487278165615626,-23.705220381055607,-10.265379225090069,zavoli-federici
44,11040,368880166.6194609,101414279.44081178,24,2192.1437432879684,552.9604037934278,52.5805241105578,-5534.434740827765,665,False,time expired without intercept,24,-127761404.50831677,67742887.92828491,29378320.24819444,-15.477052488026787,-23.69113997032116,-10.267342557447776,zavoli-federici
45,11040,369481224.7369888,101414156.38621482,23,2198.746637290809,550.9117028994447,52.70426923605968,-5196.19895259753,641,False,time expired without intercept,23,-127761880.46530159,67742706.63732946,29378272.382506605,-15.478515287030966,-23.69600368344077,-10.268924921090719,zavoli-federici
46,11040,369485572.97404903,101414333.93198209,23,2201.823809102886,545.0598269871334,52.582700869402494,-5490.175144561749,793,False,time expired without intercept,23,-127761891.72797498,67743166.82460926,29378170.78014826,-15.479083883380138,-23.701107717584982,-10.277384674497682,zavoli-federici
47,11040,368573168.256953,101413529.45807981,24,2198.2915282722147,545.0379588428036,52.569272292046286,-6070.041037228417,804,False,time expired without intercept,24,-127761932.60823503,67742886.71474144,29377763.648292802,-15.492435148794023,-23.702313785688506,-10.274240283604916,zavoli-federici
48,11040,370535591.2216323,101414122.88413964,24,2209.1088817891764,542.1933678949008,52.75028919444823,-4799.056055136595,786,False,time expired without intercept,24,-127761842.90530652,67743199.74981634,29378286.766636405,-15.475702010193409,-23.694450159935034,-10.275330403607486,zavoli-federici
49,11040,368621934.98297495,101413369.5777057,24,2199.0812369015844,544.9787394459768,52.52995914948553,-5702.346527809866,808,False,time expired without intercept,24,-127761623.3349966,67743208.0040355,29378298.273439504,-15.490331631174248,-23.694660372883497,-10.269692135740966,zavoli-federici
50,11040,370529008.85357594,101413041.84672236,25,2197.197442542724,552.4743017586516,52.73247798397952,-4707.766521125483,619,False,time expired without intercept,25,-127761644.40364899,67742743.00400536,29378405.89490491,-15.489671272722958,-23.68693174785171,-10.27119199758601,zavoli-federici
51,11040,369356614.65689135,101414428.76254621,23,2199.834298185482,543.172026283909,52.65101464559057,-5400.539245446091,822,False,time expired without intercept,23,-127761909.77670757,67742706.82717085,29378258.623698816,-15.476472438251442,-23.69688067310737,-10.275745558783802,zavoli-federici
42,11040,367176590.72659683,101417585.56657402,20,2365.524556564858,383.39304948265135,52.865589523584646,-4319.854587147652,3753,False,time expired without intercept,20,-127761461.28192024,67741822.36789376,29378989.011195805,-15.463923505672176,-23.734281893773076,-10.296280930137247,severe
43,11040,366971942.2602543,101413752.53686483,24,2396.010312513701,351.2395469949397,52.962017277335065,-2080.7760195405544,4160,False,time expired without intercept,24,-127761521.76949333,67743540.53032008,29377653.030618645,-15.500908262462506,-23.73509795422243,-10.250804880360276,severe
44,11040,368908726.9328305,101415355.48554204,24,2334.4121777739488,406.90026347024013,52.71435708777466,-2475.829035211265,3367,False,time expired without intercept,24,-127760320.0362671,67742964.65713964,29378565.31277776,-15.46000555210715,-23.67877631128464,-10.258658209791102,severe
45,11040,370537690.74296606,101414958.22144,23,2376.838257061203,378.1367635095571,52.94894383979785,-1581.0810618640016,3724,False,time expired without intercept,23,-127762223.86420633,67742239.49331784,29378373.85002643,-15.465856748123866,-23.69823116376308,-10.264987664362874,severe
46,11040,363027984.4050991,101415697.03381895,21,2378.170903241419,368.4800050286399,52.419003081544325,-6076.116806150542,3860,False,time expired without intercept,21,-127762268.91489993,67744080.24243708,29377967.440593045,-15.46813113352055,-23.718647300339928,-10.298826677990728,severe
47,11040,363691866.4441778,101412236.73337382,26,2374.6199265255846,361.36853481947037,52.62312449434571,-5484.866698612663,4179,False,time expired without intercept,26,-127762432.4359401,67742959.80296576,29376338.91317121,-15.521536195176092,-23.723471572754022,-10.28624911441967,severe
48,11040,363544774.1255365,101414783.60497634,24,2389.801198510845,370.1055505413865,52.40385693242172,-6656.21703336911,3796,False,time expired without intercept,24,-127762073.62422605,67744211.94326536,29378431.386545625,-15.454603640773637,-23.692017069740135,-10.29060959442994,severe
49,11040,369672228.3578617,101411705.54724988,25,2376.2240400436,361.9558889990831,52.81411958886594,-3235.592213929304,4010,False,time expired without intercept,25,-127761195.34298642,67744244.960142,29378477.41375803,-15.513122124696993,-23.69285792153399,-10.268056522963864,severe
50,11040,371101368.6771031,101410012.3448406,26,2391.6253869802863,363.3898459238403,52.990275029724764,-734.3764126770164,3906,False,time expired without intercept,26,-127761279.61759597,67742384.96002145,29378907.899619654,-15.510480690891836,-23.661943421406832,-10.274055970344042,severe
51,11040,365370545.9675322,101415934.00961818,23,2342.6657121453754,392.3532612627978,52.705330886570636,-4801.904160190706,3725,False,time expired without intercept,23,-127762341.1098303,67742240.25268337,29378318.814795263,-15.457685353005767,-23.701739122429473,-10.292270215135213,severe
