seed,total_steps,final_mars_dist_km,min_mars_dist_km,min_dist_step,final_mass_kg,fuel_consumed_kg,final_rel_vel_km_s,total_reward,missed_thrust_steps,is_intercepted,failure_reason,convergence_step,init_pos_x,init_pos_y,init_pos_z,init_vel_x,init_vel_y,init_vel_z
42,11040,369711059.15806234,101414832.38904375,23,2204.0341920084566,543.6050100073799,52.64432639297225,-5338.00885222054,848,False,time expired without intercept,23,-127761689.81973006,67742602.35597344,29378426.17279895,-15.478031976418043,-23.70501636594327,-10.276748237534312
43,11040,369216927.6425545,101413872.02183673,23,2186.614480304371,560.4688061985089,52.586109606094254,-5601.377372588581,485,False,time expired without intercept,23,-127761704.94162333,67743031.89658001,29378092.17765466,-15.487278165615626,-23.705220381055607,-10.265379225090069
44,11040,368880166.6194609,101414279.44081178,24,2192.1437432879684,552.9604037934278,52.5805241105578,-5534.434740827765,665,False,time expired without intercept,24,-127761404.50831677,67742887.92828491,29378320.24819444,-15.477052488026787,-23.69113997032116,-10.267342557447776
45,11040,369481224.7369888,101414156.38621482,23,2198.746637290809,550.9117028994447,52.70426923605968,-5196.19895259753,641,False,time expired without intercept,23,-127761880.46530159,67742706.63732946,29378272.382506605,-15.478515287030966,-23.69600368344077,-10.268924921090719
46,11040,369485572.97404903,101414333.93198209,23,2201.823809102886,545.0598269871334,52.582700869402494,-5490.175144561749,793,False,time expired without intercept,23,-127761891.72797498,67743166.82460926,29378170.78014826,-15.479083883380138,-23.701107717584982,-10.277384674497682
47,11040,368573168.256953,101413529.45807981,24,2198.2915282722147,545.0379588428036,52.569272292046286,-6070.041037228417,804,False,time expired without intercept,24,-127761932.60823503,67742886.71474144,29377763.648292802,-15.492435148794023,-23.702313785688506,-10.274240283604916
48,11040,370535591.2216323,101414122.88413964,24,2209.1088817891764,542.1933678949008,52.75028919444823,-4799.056055136595,786,False,time expired without intercept,24,-127761842.90530652,67743199.74981634,29378286.766636405,-15.475702010193409,-23.694450159935034,-10.275330403607486
49,11040,368621934.98297495,101413369.5777057,24,2199.0812369015844,544.9787394459768,52.52995914948553,-5702.346527809866,808,False,time expired without intercept,24,-127761623.3349966,67743208.0040355,29378298.273439504,-15.490331631174248,-23.694660372883497,-10.269692135740966
50,11040,370529008.85357594,101413041.84672236,25,2197.197442542724,552.4743017586516,52.73247798397952,-4707.766521125483,619,False,time expired without intercept,25,-127761644.40364899,67742743.00400536,29378405.89490491,-15.489671272722958,-23.68693174785171,-10.27119199758601
51,11040,369356614.65689135,101414428.76254621,23,2199.834298185482,543.172026283909,52.65101464559057,-5400.539245446091,822,False,time expired without intercept,23,-127761909.77670757,67742706.82717085,29378258.623698816,-15.476472438251442,-23.69688067310737,-10.275745558783802
52,11040,368119042.79014206,101413826.30435908,24,2203.025530437028,544.9219297344011,52.62506915306841,-5873.522022803302,778,False,time expired without intercept,24,-127761972.48655649,67742922.97842528,29378222.597229213,-15.483206618530064,-23.69364392924984,-10.266907565833867
53,11040,371326562.24074745,101413720.71707946,24,2211.2189461922476,542.376306911568,52.724852922627534,-4271.976966334566,743,False,time expired without intercept,24,-127761739.82858446,67742660.71567164,29378461.55328256,-15.48737755379988,-23.700939528386264,-10.267670049947005
54,11040,369870983.6632552,101414065.14106753,23,2196.8021304406707,547.363919747716,52.63015311228932,-4847.232030665563,762,False,time expired without intercept,23,-127762008.80683155,67742813.02706096,29378549.8110405,-15.473990687747474,-23.697841552020126,-10.263761403569102
55,11040,370575276.85543716,101415137.98716861,24,2207.856193350442,546.6431147506091,52.762791081971436,-4597.266001128428,654,False,time expired without intercept,24,-127761555.43367098,67742118.32420713,29378162.304029852,-15.475485360388005,-23.701480997359283,-10.26997128701142
56,11040,370156059.43118507,101413569.62697913,24,2202.4509079984523,548.1924196502036,52.6194045512101,-4927.471503925997,664,False,time expired without intercept,24,-127761978.48417933,67742942.83721203,29378685.820714943,-15.478338104019004,-23.6934032258969,-10.262798871082593
57,11040,367573308.6950033,101414275.22854362,24,2194.353890677387,546.7196648737995,52.487868558674364,-6015.510457465042,865,False,time expired without intercept,24,-127761683.08729766,67742977.47974464,29378628.034197457,-15.476065376386648,-23.694470234924733,-10.268407942102625
58,11040,368201830.1579118,101413750.77455367,23,2206.4593688112673,544.2298292815817,52.60813532956187,-5940.132385557835,750,False,time expired without intercept,23,-127761909.7658353,67742885.36793408,29377710.617192693,-15.489720028141571,-23.699043849140715,-10.271348648440826
59,11040,368598703.6162052,101413852.18449202,23,2197.149450294461,549.37681625499,52.473639005694416,-5989.678958878752,709,False,time expired without intercept,23,-127762017.74792807,67743262.93414897,29378718.990293127,-15.482815905717144,-23.699944487307487,-10.273191735104406
60,11040,369665797.21842194,101413413.33078063,24,2206.0129823665466,546.8878456195175,52.5899455024066,-5387.248438818931,770,False,time expired without intercept,24,-127762028.80508839,67742771.85514311,29378441.466479916,-15.488990954073936,-23.70164067573159,-10.26486844282607
61,11040,369666635.1687012,101413490.83273013,23,2206.39579108394,544.8104649780621,52.594426217479445,-5523.330410297805,730,False,time expired without intercept,23,-127761907.68994236,67742598.20845465,29378504.07998174,-15.48838156082231,-23.704158216540478,-10.266962558828222
62,11040,369497290.08086807,101413679.81190923,23,2181.850405208011,563.9171897275128,52.57051090006104,-5648.367115047874,500,False,time expired without intercept,23,-127762021.56328632,67742493.64813037,29378121.224493705,-15.484866476408847,-23.699849626657063,-10.271694368772522
63,11040,370321319.73830736,101413445.02307159,24,2212.2903017243225,541.7425789717427,52.63684451880187,-4538.127709333037,759,False,time expired without intercept,24,-127761587.99655314,67743443.05308211,29377823.61610969,-15.483171296100418,-23.689096541875763,-10.264893282394272
64,11040,368476356.6704102,101413817.41881956,24,2195.9916699887603,546.0069775119564,52.50143021143054,-5347.676885537841,842,False,time expired without intercept,24,-127761896.6300432,67742817.44355938,29377879.425366715,-15.479568532259263,-23.688514442886042,-10.264046662400242
65,11040,369500029.10095173,101413138.52648012,23,2196.7091747808126,550.7274292396073,52.6337830790319,-5310.637399665028,693,False,time expired without intercept,23,-127762044.12700947,67742911.21733351,29378548.730506238,-15.490572872698868,-23.698447412583903,-10.274012538902644
66,11040,371114526.38535696,101414010.1481246,23,2201.1458900893745,548.3632501443244,52.714874949021855,-4449.340128201676,671,False,time expired without intercept,23,-127761630.74067196,67742727.37262422,29378115.38119235,-15.488032727169342,-23.701891261421743,-10.277996110373278
67,11040,369751959.2166161,101413303.46406145,24,2197.391253732,552.181952477838,52.63076374896863,-4951.031936115927,641,False,time expired without intercept,24,-127761909.36031438,67742867.15471701,29378210.498838816,-15.484615353030689,-23.688083748198395,-10.26602813864577
68,11040,368493526.36169845,101413739.87444651,23,2189.5957167200604,557.6058300098061,52.51950722814138,-5643.384547937419,579,False,time expired without intercept,23,-127761299.11525516,67743077.90416245,29378416.17965059,-15.482662939832233,-23.68865317702902,-10.266202163309583
69,11040,369150834.9512227,101413264.28282486,24,2214.713415702069,537.1654962657399,52.69057508366385,-5453.7107491367415,810,False,time expired without intercept,24,-127761587.42154105,67742947.0024362,29378903.985914107,-15.487708743472366,-23.703235571765934,-10.265024977063387
70,11040,369368150.7126969,101413746.87385437,24,2209.756170502852,539.557478467983,52.65962439835052,-5194.491210558641,863,False,time expired without intercept,24,-127761786.81308365,67742609.40933473,29378465.146437027,-15.484961155485056,-23.68823979577039,-10.277559580493431
71,11040,369071514.279679,101413799.26272969,23,2203.2130137553145,545.5123646107377,52.59235855496186,-5275.600314414848,796,False,time expired without intercept,23,-127761753.8187691,67742991.89287783,29378211.035149753,-15.483179968814115,-23.692748671756,-10.267684470688708
72,11040,369234112.79193616,101413299.43376832,24,2203.7863819656736,548.2275505721345,52.627656186361655,-5709.01813956919,689,False,time expired without intercept,24,-127762016.83053243,67742855.27757521,29378384.983384848,-15.49117021695527,-23.70224701895506,-10.275025758598181
73,11040,369804322.0295695,101414074.7975876,23,2201.9385608867965,547.568317037942,52.66301404063529,-5053.472119322427,698,False,time expired without intercept,23,-127762039.32547638,67743056.87395804,29378143.15742362,-15.481255444518533,-23.693578978816895,-10.27997127326584
74,11040,369355182.9238828,101413828.60176209,24,2199.9917667393443,547.2191603455767,52.60873592601795,-5688.5261961419765,722,False,time expired without intercept,24,-127761704.37688653,67742913.97980127,29378422.755526282,-15.48387813055556,-23.699584153694644,-10.271845448419226
75,11040,369599214.8960781,101413597.82819217,24,2213.6696509233493,535.5574313808411,52.67033783163628,-4931.377147582995,893,False,time expired without intercept,24,-127762043.12719299,67742961.44705202,29378340.107726216,-15.480554006186896,-23.69271101452469,-10.27011375794242
76,11040,368626064.6179616,101413623.06711519,23,2206.633537464276,543.5102886437253,52.601438657068385,-5598.820099240308,775,False,time expired without intercept,23,-127761908.67074688,67743300.05941607,29378483.598024923,-15.480200267701859,-23.689895818161723,-10.27805881143798
77,11040,369395485.7857509,101413351.84197728,25,2185.1848665296525,560.0426015279904,52.63225818595182,-5823.38893282829,520,False,time expired without intercept,25,-127761659.05650894,67742719.64261077,29378902.17517243,-15.49077752476432,-23.69195261169168,-10.270954469719895
78,11040,368334758.0354517,101413188.58342709,24,2197.6440405394815,549.588019688606,52.65959683370432,-6023.411562337825,740,False,time expired without intercept,24,-127761935.13614869,67742961.24463196,29378143.15418695,-15.488204325844464,-23.691711297847682,-10.271954611691406
79,11040,368316181.5902013,101413545.69053198,24,2184.2612919209964,553.6527405013917,52.48075800214881,-6267.687088982871,765,False,time expired without intercept,24,-127761610.85813586,67742678.99835351,29378341.064511158,-15.485385783635362,-23.688774236337743,-10.270200444223875
80,11040,368276429.7679212,101414030.43665093,24,2189.7747707468798,557.8905174465476,52.635365372079264,-6167.352369082923,522,False,time expired without intercept,24,-127761524.92923026,67742759.54117988,29378093.4788689,-15.488732047115807,-23.701148554717612,-10.257472117095658
81,11040,369856823.4735284,101413647.19325997,24,2207.6275700877427,546.074473184698,52.724831937980014,-4875.72809386258,657,False,time expired without intercept,24,-127761624.4631311,67743056.10441753,29378058.805224326,-15.480227976476076,-23.68910849481122,-10.270013445452246
82,11040,368494039.32081205,101413742.0004003,24,2184.9823840626195,553.483289671251,52.46205007484354,-5878.837260121017,710,False,time expired without intercept,24,-127761333.9582835,67743119.09603313,29378515.66147237,-15.487590757735717,-23.698280671445026,-10.274033970110153
83,11040,369376425.3955373,101413703.9659173,23,2202.4120355155055,545.675404613085,52.63386064191383,-5334.753663794968,742,False,time expired without intercept,23,-127762132.7314365,67742757.44247517,29378228.417812362,-15.480770812775793,-23.700434425410474,-10.264300648449144
84,11040,370029636.0332078,101414587.85842864,22,2206.6672570116784,543.5216058548458,52.6143463042934,-4762.101767923003,771,False,time expired without intercept,22,-127762153.04659304,67742771.65472512,29377646.7400482,-15.477516980825431,-23.701312121429414,-10.271086230918861
85,11040,369530577.2495771,101413980.4804984,24,2193.971735994494,555.194097690106,52.604423537439835,-5299.1504447865445,616,False,time expired without intercept,24,-127761442.07302755,67742584.7191825,29378006.378577214,-15.487345229420646,-23.695756074374234,-10.2683098649272
86,11040,370381812.39638376,101413679.9200271,23,2202.7992302139014,546.176096809716,52.637854613752836,-4746.454943549002,684,False,time expired without intercept,23,-127762177.97632445,67742798.69696136,29378406.260953423,-15.47912030178733,-23.699304888263164,-10.267686235128396
87,11040,369349381.35555655,101414681.66981353,22,2202.330151307391,548.788443027865,52.60665706522923,-5572.860269064688,687,False,time expired without intercept,22,-127761643.76082118,67742829.65493155,29378359.237569235,-15.474952441191736,-23.698619461242288,-10.273209633241365
88,11040,370355241.18373525,101414078.0434313,23,2205.946473772065,545.8241796089187,52.714088860099274,-4578.951198978385,726,False,time expired without intercept,23,-127761948.90176582,67742727.27587724,29377973.92865601,-15.480528007168859,-23.697238887260273,-10.26561570953097
89,11040,370441068.9313261,101413526.34626733,24,2199.5033036926434,550.0771278330144,52.68904766654618,-4625.88645089828,654,False,time expired without intercept,24,-127761893.97825019,67742793.8756077,29378507.329888232,-15.481244843796546,-23.690557878040426,-10.268553501979799
90,11040,371176438.50922555,101414562.35495575,23,2214.260470746701,541.524414923284,52.663239792359185,-4374.0929453825065,710,False,time expired without intercept,23,-127761312.38585706,67742742.80029099,29378211.237270042,-15.480119392009806,-23.696827633648006,-10.270203322493826
91,11040,368739083.2901039,101413285.22004934,24,2190.0155419377065,555.4630374299909,52.63396327116364,-5859.65474310682,624,False,time expired without intercept,24,-127761735.322117,67743043.47400016,29377910.528941397,-15.485277564108037,-23.69226543081095,-10.271315322007133
92,11040,368847548.3908771,101412966.52277565,24,2181.150095003026,562.1304797690736,52.50717861138483,-5804.586529334693,522,False,time expired without intercept,24,-127762376.80045566,67742609.4876443,29377901.265352525,-15.4894789589542,-23.697338763044478,-10.264734837768634
93,11040,368723639.10005504,101414416.17400123,23,2176.3866930705694,564.7852350197613,52.44504334159258,-6129.366809695032,504,False,time expired without intercept,23,-127761489.18520129,67742659.24483828,29378533.2265477,-15.479575944502546,-23.692369305449002,-10.273894013212313
94,11040,369475116.3921316,101414230.3066433,23,2195.501863499882,554.098108968949,52.68389618833851,-5561.183085883333,596,False,time expired without intercept,23,-127761512.91070847,67742990.79285201,29378072.771191046,-15.481842231688177,-23.693963216131124,-10.270880492742695
95,11040,369559606.5455891,101413772.8852174,23,2196.7391991036743,554.576162866415,52.664111253722666,-5339.686345240901,586,False,time expired without intercept,23,-127761817.14778925,67742799.96394894,29378766.802273013,-15.482132731703047,-23.697849225341752,-10.26321843723857
96,11040,368983913.09375834,101412726.64143388,24,2187.8047214202443,554.8613812509338,52.5446742256453,-5808.095002446916,624,False,time expired without intercept,24,-127761992.80233511,67743220.73589058,29378033.396046456,-15.491786843458938,-23.69733353923362,-10.261971936665839
97,11040,370357885.4265581,101413722.5303553,24,2189.988759042566,554.582300085935,52.646327170194965,-5158.208247083291,600,False,time expired without intercept,24,-127761831.12095761,67743152.35551961,29378132.083748568,-15.487659825899032,-23.701622059102263,-10.274833382987515
98,11040,368357415.86992276,101413818.92885451,24,2190.01529315779,555.4491429607347,52.566047052264864,-5640.465392951254,635,False,time expired without intercept,24,-127762037.89676072,67742551.19665784,29378378.691626344,-15.479290706260539,-23.693120528321337,-10.264905929643763
99,11040,368952298.2851097,101414395.70112035,23,2189.4948429985125,555.2159428051687,52.583354746072054,-5850.428661305988,571,False,time expired without intercept,23,-127761745.37542392,67742746.24739626,29378251.188765742,-15.479303645901593,-23.704045142527896,-10.261815181994303
100,11040,369500607.6879579,101413925.42218442,24,2209.1904739209253,541.3168043796268,52.714869486100724,-5173.935428556078,741,False,time expired without intercept,24,-127762055.38641177,67742934.79095058,29378433.773517303,-15.480014931776456,-23.700068103206227,-10.264882296671992
101,11040,371049654.548312,101414422.36797333,23,2212.444370893935,543.1076005634536,52.86346513712529,-4353.326097694804,678,False,time expired without intercept,23,-127761963.53712499,67742353.69562954,29378389.38543673,-15.4790133273506,-23.696809623999332,-10.268400733135271
102,11040,368739831.630808,101413682.09669085,24,2199.2983289025074,547.4819989804496,52.61881998006801,-5593.976260065942,718,False,time expired without intercept,24,-127761609.56665044,67743403.43333973,29378477.445139673,-15.488135962115123,-23.69822956563688,-10.265931244721655
103,11040,369464412.37124527,101413753.85936606,23,2189.9741458720387,553.4731993127907,52.52143081765922,-5333.575775152167,685,False,time expired without intercept,23,-127761490.1619927,67742542.40596901,29378400.598111503,-15.488732702213467,-23.68990218650942,-10.278017697674555
104,11040,370606340.2090186,101414013.27612187,24,2225.642890812439,532.2707857621754,52.772699122619514,-4380.31864941762,852,False,time expired without intercept,24,-127761625.46983632,67743002.40212987,29378082.945818655,-15.482783875222314,-23.695258500341016,-10.26995020282353
105,11040,368803294.8055001,101413457.10581094,24,2197.6463639486287,549.6459661043173,52.5731598566044,-5457.288213254354,684,False,time expired without intercept,24,-127761781.86255191,67743174.65527755,29378735.56280072,-15.483001674905603,-23.696456977662923,-10.26492719174298
106,11040,370946639.6999064,101413729.81665173,23,2210.9514746799687,541.6977124098985,52.73736748106815,-4445.738855184861,733,False,time expired without intercept,23,-127761545.34417571,67742943.41544649,29378361.59107697,-15.48357852742711,-23.69047356228738,-10.277861071251435
107,11040,368497439.81286097,101415123.28559223,23,2188.340714011234,555.6993387334924,52.59132687012131,-5901.899833263261,662,False,time expired without intercept,23,-127761671.08175628,67742390.4521532,29378227.520501506,-15.473839170086306,-23.702778330137036,-10.267241058786981
108,11040,368170903.67841023,101413812.94001935,24,2178.6190213105583,558.8345302142457,52.52037659888288,-6419.201098689243,652,False,time expired without intercept,24,-127761034.79465221,67742875.19442752,29378741.895800233,-15.488670854698825,-23.69186599705105,-10.264779344226637
109,11040,368221556.577106,101413287.01533094,24,2203.373438363616,542.4515052570855,52.53329276366514,-5684.808582223702,840,False,time expired without intercept,24,-127761557.71391332,67743141.80122307,29378238.759909246,-15.489058382874768,-23.69150918910062,-10.26828946540602
110,11040,370684298.233801,101414115.5152739,23,2201.617720993926,547.9831071737103,52.73997099955768,-4444.665369062504,627,False,time expired without intercept,23,-127761703.03261007,67742896.37302777,29378548.205712844,-15.482893495512537,-23.70185135017694,-10.270283626126936
111,11040,369820955.7802762,101413306.7398987,23,2198.6850743583987,550.5130882993162,52.6419753236098,-5073.621322635361,633,False,time expired without intercept,23,-127761842.85845955,67742652.68777508,29378269.969468564,-15.48603818644761,-23.694469614205218,-10.25804353088908
112,11040,369111061.76036966,101413677.95916264,24,2175.719117033338,566.4409582009698,52.44330435187651,-6034.3590385357475,440,False,time expired without intercept,24,-127762098.56592514,67743096.94268776,29378094.350958634,-15.481661687591174,-23.699986772905813,-10.259137197744929
113,11040,370119592.1818884,101412773.16957481,25,2226.915901669939,532.4967168353569,52.753651689557636,-4353.253517755622,897,False,time expired without intercept,25,-127761367.53231813,67742994.24336909,29378223.733135846,-15.493917061475477,-23.690320115809563,-10.257969927665853
114,11040,369053479.1341823,101413699.48668845,24,2203.375282753945,541.7230188277836,52.693563993942604,-5268.581409151898,786,False,time expired without intercept,24,-127761978.9860498,67742915.50837393,29378015.39627344,-15.478322206840126,-23.689278288642942,-10.26923714658863
115,11040,368830579.64071673,101414907.1896219,23,2196.4502698174724,550.5583092806714,52.70175478926943,-5547.637912406867,632,False,time expired without intercept,23,-127761509.27684818,67742371.55150396,29378057.103963144,-15.47811131018579,-23.695200874616148,-10.274731261565707
116,11040,370549704.925804,101412944.09019732,24,2195.890115469294,553.5957666483937,52.624585577563096,-5202.570319921995,604,False,time expired without intercept,24,-127761927.99314544,67742870.43823653,29378479.83153563,-15.491112301748913,-23.695789035726975,-10.263653398330414
117,11040,370214400.60672617,101414475.57936627,22,2206.1886132682785,543.9395210793414,52.660987038013076,-4677.491027013387,808,False,time expired without intercept,22,-127761766.00860538,67743089.18334086,29377900.44025934,-15.475017412973887,-23.696424389156917,-10.272821861795764
118,11040,369871950.4494945,101413058.2864114,24,2188.8036427247853,555.6154024754783,52.65531439935626,-5365.844642335911,567,False,time expired without intercept,24,-127761899.33757907,67742982.72915377,29378267.762507588,-15.492726356634023,-23.69343623765334,-10.271401281816061
119,11040,369137252.2724316,101413390.35108371,23,2195.1187169195773,555.8263996123987,52.65187516517721,-5859.914253355683,534,False,time expired without intercept,23,-127761971.75790597,67743310.80504769,29378030.36155663,-15.48389448567115,-23.69452821645348,-10.269034477197346
120,11040,369014785.65267956,101413109.37552513,24,2201.144738918452,543.7599532602308,52.5965874744659,-5370.953771106885,824,False,time expired without intercept,24,-127761923.78439394,67743094.63637525,29378247.013629045,-15.486314961375811,-23.686484583596926,-10.27498176788054
121,11040,369750571.94869655,101413076.78872131,23,2206.591544399112,545.2442371778138,52.65070710869882,-4806.077509036852,754,False,time expired without intercept,23,-127761827.1304731,67742717.8492446,29378303.540461615,-15.48811678803534,-23.68791661611142,-10.267279482655653
122,11040,369565832.2284091,101414187.40115345,23,2189.1988430660417,556.7808155903622,52.516075772909495,-5268.665023183322,598,False,time expired without intercept,23,-127762214.88986596,67742744.72765388,29378244.030235257,-15.477533983978796,-23.700350677335283,-10.27074346090521
123,11040,368562863.93769944,101413384.38577054,23,2183.197579949197,560.6201018189481,52.53208111220645,-6196.886456283944,530,False,time expired without intercept,23,-127762013.27933758,67742770.40533713,29378560.54131532,-15.481764927904337,-23.6906600355018,-10.267351821043713
124,11040,368535302.3868444,101413168.7358141,24,2186.4430480264446,555.4190940796489,52.544153663192404,-5927.5960532426425,648,False,time expired without intercept,24,-127761841.15502039,67742717.73596354,29377960.91832592,-15.48866217986651,-23.691203743453467,-10.267196114957809
125,11040,369314525.66056764,101413724.53634107,23,2189.6929579929288,554.7998212873485,52.57339591571187,-5514.797990928398,575,False,time expired without intercept,23,-127762393.4933832,67742184.35312228,29378189.295733076,-15.484817756684341,-23.69949493484268,-10.273001034565699
126,11040,370580702.6651951,101414018.3758217,23,2204.2756118729385,548.0426895906967,52.72735014531546,-4690.425273788854,651,False,time expired without intercept,23,-127761749.27115609,67742891.09028323,29378819.31833786,-15.478300439899934,-23.70202202577518,-10.267336705514714
127,11040,369984406.1246211,101413602.74341765,23,2196.358407764239,556.2708124268174,52.70339667549827,-5496.5331794022,523,False,time expired without intercept,23,-127762168.8552718,67742404.33056977,29378353.183510188,-15.485152978124187,-23.70384512522396,-10.262191313640706
128,11040,369548123.972732,101414038.47904386,23,2194.5370264318976,556.3547689692787,52.60212262744467,-5276.4387927851485,577,False,time expired without intercept,23,-127761680.36889862,67742459.60502723,29378033.980050422,-15.479926274387834,-23.687623337679344,-10.271650322358939
129,11040,369018786.72568595,101413728.10574113,23,2199.166798646441,546.6174398751432,52.63342282844239,-5477.947753215828,739,False,time expired without intercept,23,-127761756.12532796,67742432.99003065,29378154.97721262,-15.483971916711127,-23.692268400554738,-10.272154251667283
130,11040,370126751.2285785,101413753.17048413,23,2197.736530735966,549.87449415418,52.709413875717544,-4948.998158349555,681,False,time expired without intercept,23,-127761707.26970686,67743098.80199598,29378052.06998498,-15.481677517417221,-23.694950267897624,-10.263145569089854
131,11040,368229004.5226118,101413207.05134974,23,2197.216825069206,548.2735335223351,52.635614253486764,-5831.429580118912,709,False,time expired without intercept,23,-127761783.52994509,67743174.3211821,29378086.462573618,-15.484850763165463,-23.685355485631998,-10.265523827553427
132,11040,369685019.24276644,101413995.67567073,24,2202.4304411707994,547.7366485548437,52.66914017146688,-5370.976691615037,690,False,time expired without intercept,24,-127761697.22112975,67742918.04810873,29377822.29239453,-15.48355773819617,-23.68962307847821,-10.27660167829533
133,11040,370061313.4364278,101412978.10647559,24,2195.1195399379058,546.9865867525909,52.596344177167815,-5045.92400391064,768,False,time expired without intercept,24,-127762115.83705005,67742886.64441268,29377962.371199936,-15.488883344765645,-23.68798433442441,-10.266292144552828
134,11040,368992079.1797664,101414147.93263757,23,2196.293443908583,550.7798085913578,52.66461115897116,-5713.664292453344,635,False,time expired without intercept,23,-127761501.57257949,67742852.20525984,29378342.48304407,-15.4849304217238,-23.698025709749373,-10.275172038597445
135,11040,368518500.89001423,101413064.89300138,24,2188.897674816436,555.3262030749597,52.52558733604708,-5749.502458836141,654,False,time expired without intercept,24,-127761683.59980138,67742953.45476893,29378195.066131983,-15.489198266971473,-23.681683136167234,-10.274981584908444
136,11040,368814648.5858914,101414689.32079467,23,2187.309551331524,553.1647956712477,52.581438682813534,-5501.432442761123,665,False,time expired without intercept,23,-127761756.1955518,67742465.88201489,29378589.93657336,-15.474861062588232,-23.691047877326614,-10.270918752151399
137,11040,369579256.6836624,101414328.21701291,23,2197.9144377786392,550.2062122656962,52.60458625236743,-5568.859034760806,652,False,time expired without intercept,23,-127761975.96896209,67742679.31004144,29378081.84726481,-15.48270354787405,-23.698113112895786,-10.275275513078535
138,11040,368096000.712121,101413252.43236187,23,2187.690740809766,557.4312152595985,52.504508442064825,-6175.404041152414,605,False,time expired without intercept,23,-127762183.82802168,67742702.27654915,29377897.120330445,-15.488096586398774,-23.70196186027061,-10.265688896430769
139,11040,368598552.12751234,101413669.9633348,23,2207.341114048414,538.8332286946647,52.5478813324337,-5618.007331104783,956,False,time expired without intercept,23,-127761984.07531169,67742483.44520904,29378171.85497647,-15.487426996291612,-23.692986419462763,-10.265161490950332
140,11040,366964306.83032286,101414826.7292061,22,2190.6460463439453,552.0805829432552,52.565337297879246,-6713.904964106661,738,False,time expired without intercept,22,-127762060.01582666,67743312.32766424,29377943.176061906,-15.470371636705256,-23.703605950743555,-10.26807880714051
141,11040,369756323.037703,101413573.48966347,23,2201.584493634393,546.3008708887073,52.605489121639664,-5339.9316600354705,714,False,time expired without intercept,23,-127762053.94236203,67743306.45797096,29378232.963571835,-15.485408170262888,-23.69801981025216,-10.273627344331935
